,jokowi,detikcom,kompascom,ganjarpranowo,KKMPutrajaya,KPK_RI,CNNIndonesia,aniesbaswedan,KompasTV,budimandjatmiko,tvOneNews,501Awani,kumparan,Metro_TV,tempodotco,DivHumas_Polri,KemenkesRI,DGHisham,TirtoID,liputan6dotcom,republikaonline,drzul_albakri,VIVAcoid,korantempo,SyedSaddiq,BBCIndonesia,KemensetnegRI,Khairykj,setkabgoid,antaranews,KawalCOVID19,RadioElshinta,kemkominfo,nu_online,tni_ad,addiems,tribunnews,mediaindonesia,Beritasatu,blogdokter,fadjroeL,XavierNaxa,hariankompas,JKJAVMY,tjhinfar21,bharianmy,KemenkeuRI,YRadianto,TRANS7,Kemenag_RI,Dandhy_Laksono,bernamadotcom,dr_koko28,ferdiriva,hmetromy,Aryprasetyo85,BurhanMuhtadi,habibthink,BNPTRI,ismailfahmi,ChusnulCh__,tirta_hudhi,KakekHalal,NgkongRoses,detiksport,MuhyiddinYassin,PDI_Perjuangan,eko_kuntadhi,KemenBUMN,seruanhl,kompasiana,Andrazahira,asumsico,msaid_didu,Parapat_Nixon,GOAL_ID,DPR_RI,sahaL_AS,PerekonomianRI,P3nj3l4j4h_id,ainunnajib,narkosun,BadmintonTalk,merdekadotcom,BANGSAygSUJUD,BiLLRaY2019,SCTV,dewi_darmawati,okezonenews,Ch_Chotlmah,kempanrb,_TNIAL_,rmol_id,Jinggaviolet3,jawapos,mojokdotco,arjuno_ireng01,mazzini_gsp,bank_indonesia,n1ckeff
jokowi,0,inf,inf,5587.666748,27873,41767.22168,305,45325.22168,2199,inf,2258,12616,inf,49314.69141,inf,111359.2217,1226,60879.5,207927.3359,inf,inf,22299,2288,inf,198772.6719,81201.83594,1286,169547.7188,43427.38281,1424,10109,inf,43258,57284.22168,1394,inf,352,304,inf,49206.69141,19158.09961,241296.7656,inf,inf,1275.333313,inf,46612,inf,4564.333496,58613.22168,51767.5,32134,36606,8711.75,27348,inf,52579.25,192766.5261,5526,76009.5,34667.33331,124771.5508,925,405,8574.142578,228569.2188,inf,84209.69141,125959,inf,4823.5,inf,273522.25,135743.2813,35795.33331,inf,inf,143642.9271,31374,558,16981.55566,5786.666748,13845.14258,inf,7442.714355,inf,12245,872,inf,inf,154231.0313,52921.22168,6475.5,inf,1310,210119.5781,inf,129651.3359,inf,1562
detikcom,308576.9141,0,inf,6385.5,59757.40039,42621.22168,1159,46179.22168,3053,inf,1722,321192.9141,inf,51257.69141,inf,112213.2217,2080,64915.73242,208781.3359,inf,inf,330875.9141,1752,inf,194467.0723,83144.83594,2140,178022.4004,45370.38281,2278,10963,inf,54679.5,58138.22168,858,inf,308928.9141,2247,inf,50060.69141,21101.09961,311523.6816,inf,inf,1429,inf,58033.5,inf,5418.333496,59467.22168,56029.69141,44633.90039,42778,9565.75,23042.40039,inf,53433.25,193564.3594,6380,76863.5,34821,125625.5508,2369,1849,9428.142578,237043.9004,inf,86152.69141,126813,inf,5677.5,inf,274376.25,136597.2813,35949,inf,inf,143796.5938,42795.5,1412,17835.55566,6584.5,14699.14258,inf,8296.714355,inf,320821.9141,1726,inf,inf,155085.0313,53775.22168,7329.5,inf,2164,210973.5781,inf,135823.3359,inf,2416
kompascom,308294.875,inf,0,6024.75,50746.40723,42877.22168,308599.875,46435.22168,3309,inf,2428,320910.875,inf,51963.69141,inf,112469.2217,2336,55904.73926,209037.3359,inf,inf,330593.875,2458,inf,185456.0791,83850.83594,2396,169011.4072,45088.34375,2534,12929.28613,inf,44368,58394.22168,1564,inf,1462,2953,inf,50316.69141,20769.9668,302512.6885,inf,inf,1221,inf,47722,inf,312859.2085,59723.22168,52877.5,35622.90723,37716,9821.75,14031.40723,inf,53689.25,193203.6094,6636,78829.78613,34613,125881.5508,1095,575,316869.0176,228032.9072,inf,86858.69141,127069,inf,4384.714355,inf,274632.25,136853.2813,35741,inf,inf,143588.5938,32484,1313.15387,18091.55566,6223.75,322140.0176,inf,8403.10144,inf,320539.875,1573.785706,inf,inf,155341.0313,54031.22168,7585.5,inf,2420,211229.5781,inf,130761.3359,inf,2522.387085
ganjarpranowo,369007.1765,inf,inf,0,396880.1765,38548.83276,369312.1765,42106.83276,371206.1765,inf,371265.1765,381623.1765,inf,54396.83276,inf,108140.8328,370233.1765,429886.6765,215769.9187,inf,inf,391306.1765,371295.1765,inf,260850.3328,96916.83276,370293.1765,201463.8328,412434.5593,370431.1765,10656.66675,inf,412265.1765,54065.83276,370401.1765,inf,369359.1765,369311.1765,inf,51087.16675,21073.16675,424548.3328,inf,inf,370282.5098,inf,415619.1765,inf,373571.51,55394.83276,59168.83276,401141.1765,66263.16675,3862.666748,396355.1765,inf,49526.83276,187178.8594,374533.1765,76557.16675,45189.19922,126652.0261,369932.1765,369412.1765,377581.3191,260485.3328,inf,89291.83276,133801.5828,inf,373830.6765,inf,642529.4265,179060.3386,46317.19922,inf,inf,140940.9375,400381.1765,369565.1765,13763.16675,199,382852.3191,inf,376449.8909,inf,381252.1765,369879.1765,inf,inf,162428.9167,49702.83276,375482.6765,inf,370317.1765,207067.1609,inf,140313.7683,inf,370569.1765
KKMPutrajaya,inf,inf,inf,inf,0,inf,inf,inf,inf,inf,inf,inf,inf,inf,inf,inf,inf,33006.5,inf,inf,inf,inf,inf,inf,207213.7031,inf,inf,147827.2031,inf,inf,inf,inf,inf,inf,inf,inf,inf,inf,inf,inf,inf,370911.7031,inf,inf,inf,inf,inf,inf,inf,inf,inf,4261,inf,inf,inf,inf,inf,inf,inf,inf,inf,inf,inf,inf,inf,206848.7031,inf,inf,inf,inf,inf,inf,inf,inf,inf,inf,inf,inf,inf,inf,inf,inf,inf,inf,inf,inf,inf,inf,inf,inf,inf,inf,inf,inf,inf,inf,inf,inf,inf,inf
KPK_RI,330458.3438,inf,inf,336046.0105,358331.3438,0,330763.3438,3558,332657.3438,inf,332716.3438,343074.3438,inf,15848,inf,69592,331684.3438,391337.8438,177221.0859,inf,inf,352757.3438,332746.3438,inf,222301.5,58368,331744.3438,162915,373885.7266,331882.3438,340567.3438,inf,373716.3438,15517,331852.3438,inf,330810.3438,330762.3438,inf,379665.0352,349616.4434,385999.5,inf,inf,331733.6771,inf,377070.3438,inf,335022.6772,16846,20620,362592.3438,367064.3438,339170.0938,357806.3438,inf,10978,159549.3281,335984.3438,61947,365125.6771,134256.75,331383.3438,330863.3438,339032.4863,221936.5,inf,50743,95252.75,inf,335281.8438,inf,603980.5938,194336.0859,366253.6771,inf,inf,197056.1719,361832.3438,331016.3438,347439.8994,336245.0105,344303.4863,inf,337901.0581,inf,342703.3438,331330.3438,inf,inf,123880.084,11154,336933.8438,inf,331768.3438,168518.3281,inf,163606,inf,332020.3438
CNNIndonesia,324537.5313,inf,inf,5413.666748,352410.5313,41593.22168,0,45151.22168,2025,inf,326795.5313,337153.5313,inf,57441.22168,inf,111185.2217,325763.5313,82818.89844,207753.3359,inf,inf,346836.5313,326825.5313,inf,257026.1016,91405.52344,981,197639.6016,61331,1250,9804,inf,53520.5,57110.22168,325931.5313,inf,324889.5313,324841.5313,inf,51198,21427.14258,420724.1016,inf,inf,2170.333313,inf,56874.5,inf,4259.333496,58439.22168,59189.09375,54073.39844,41750,8537.75,351885.5313,inf,52405.25,192592.5261,6967,75704.5,35562.33331,126762.8594,1820,1300,8269.142578,256661.1016,inf,92336.22168,125785,inf,4649.5,inf,598059.7813,135569.2813,36690.33331,inf,inf,144537.9271,41636.5,253,16807.55566,5589,13540.14258,inf,7137.714355,inf,336782.5313,567,inf,inf,154412.334,52747.22168,8519,inf,1005,209945.5781,inf,134795.3359,inf,1257
aniesbaswedan,326900.3438,inf,inf,332488.0105,354773.3438,368667.5654,327205.3438,0,329099.3438,inf,329158.3438,339516.3438,inf,12290,inf,438259.5654,328126.3438,387779.8438,173663.0859,inf,inf,349199.3438,329188.3438,inf,218743.5,54810,328186.3438,159357,370327.7266,328324.3438,337009.3438,inf,370158.3438,11959,328294.3438,inf,327252.3438,327204.3438,inf,376107.0352,346058.4434,382441.5,inf,inf,328175.6771,inf,373512.3438,inf,331464.6772,13288,17062,359034.3438,363506.3438,335612.0938,354248.3438,inf,7420,155991.3281,332426.3438,58389,361567.6771,130698.75,327825.3438,327305.3438,335474.4863,218378.5,inf,47185,91694.75,inf,331723.8438,inf,600422.5938,190778.0859,362695.6771,inf,inf,193498.1719,358274.3438,327458.3438,343881.8994,332687.0105,340745.4863,inf,334343.0581,inf,339145.3438,327772.3438,inf,inf,120322.084,379821.5654,333375.8438,inf,328210.3438,164960.3281,inf,160048,inf,328462.3438
KompasTV,370026.5654,inf,inf,3388.666748,397899.5654,39568.22168,370331.5654,43126.22168,0,inf,372284.5654,382642.5654,inf,55416.22168,inf,109160.2217,371252.5654,80793.89844,216789.3076,inf,inf,392325.5654,372314.5654,inf,255001.1016,89380.52344,371312.5654,195614.6016,413453.9482,371450.5654,9620.286133,inf,71677.39844,55085.22168,371420.5654,inf,370378.5654,370330.5654,inf,51014.28613,22092.55469,418699.1016,inf,inf,371301.8987,inf,75031.39844,inf,374590.8989,56414.22168,57164.09375,52048.39844,65025.39844,6512.75,397374.5654,inf,50380.25,190567.5261,375552.5654,75520.78613,48577.86597,126579.1455,370951.5654,370431.5654,378600.708,254636.1016,inf,90311.22168,134820.9717,inf,2624.5,inf,643548.8154,178023.958,49705.86597,inf,inf,144329.6042,59793.39844,370584.5654,14782.55566,3587.666748,383871.708,inf,6310.714355,inf,382271.5654,370898.5654,inf,inf,163448.3057,50722.22168,376502.0654,inf,371336.5654,207920.5781,inf,141333.1572,inf,430
budimandjatmiko,314802.2227,inf,inf,7679.666748,342675.2227,43859.22168,315107.2227,47417.22168,4291,0,317060.2227,327418.2227,inf,59707.22168,inf,113451.2217,3318,67250,210019.3359,inf,inf,337101.2227,317090.2227,inf,241457.2031,91607.5,3378,182070.7031,51595.69141,3516,13911.28613,inf,45350,59376.22168,316196.2227,inf,2444,315106.2227,inf,51298.69141,24039.42773,405155.2031,inf,inf,888.333313,inf,48704,inf,319366.5562,60705.22168,53859.5,38504.5,38698,10803.75,342150.2227,inf,54671.25,194858.5261,7618,79811.78613,34280.33331,126863.5508,538,18,323376.3652,241092.2031,inf,94602.22168,128051,inf,6915.5,inf,275614.25,137835.2813,35408.33331,inf,inf,143255.9271,33466,756.1538696,19073.55566,6092.15387,328647.3652,inf,7846.10144,inf,327047.2227,1016.785706,inf,inf,156323.0313,55013.22168,8567.5,inf,3402,212211.5781,inf,131743.3359,inf,1965.387085
tvOneNews,308834.9141,inf,inf,6270,336707.9141,42978.22168,309139.9141,46536.22168,3410,inf,0,321450.9141,inf,51515.69141,inf,112570.2217,2437,84203.89844,209138.3359,inf,inf,331133.9141,30,inf,258411.1016,83402.83594,2497,199024.6016,45628.38281,2635,13030.28613,inf,55036.5,58495.22168,1116,inf,309186.9141,2505,inf,50417.69141,21359.09961,422109.1016,inf,inf,767,inf,58390.5,inf,313399.2476,59824.22168,56287.69141,55458.39844,43135,9922.75,336182.9141,inf,53790.25,193448.8594,6737,78930.78613,34159,125982.5508,647,127,317409.0566,258046.1016,inf,86410.69141,127170,inf,6034.5,inf,274733.25,136954.2813,35287,inf,inf,143134.5938,43152.5,865.1538696,18192.55566,6201.15387,322680.0566,inf,7955.10144,inf,321079.9141,1125.785706,inf,inf,155442.0313,54132.22168,7686.5,inf,2521,211330.5781,inf,136180.3359,inf,2074.387085
501Awani,408147.8438,inf,inf,413735.5105,15257,77689.5,408452.8438,81247.5,410346.8438,inf,410405.8438,0,inf,93537.5,inf,147281.5,409373.8438,48263.5,254910.5859,inf,inf,9683,410435.8438,inf,186156.6719,136057.5,409433.8438,156931.7188,451575.2266,409571.8438,418256.8438,inf,451405.8438,93206.5,409541.8438,inf,408499.8438,408451.8438,inf,457354.5352,23495,228680.7656,inf,inf,409423.1771,inf,454759.8438,inf,412712.1772,94535.5,98309.5,19518,444753.8438,416859.5938,14732,inf,88667.5,237238.8281,413673.8438,105664.168,59594.5,211946.25,409072.8438,408552.8438,416721.9863,215953.2188,inf,124965.168,172942.25,inf,412971.3438,inf,681670.0938,272025.5859,60722.5,inf,inf,168570.0938,439521.8438,408705.8438,425129.3994,413934.5105,421992.9863,inf,415590.5581,inf,420392.8438,409019.8438,inf,inf,201569.584,88843.5,414623.3438,inf,409457.8438,246207.8281,inf,207323.168,inf,409709.8438
kumparan,314010.2227,inf,inf,6887.666748,341883.2227,43067.22168,314315.2227,46625.22168,3499,537,316268.2227,326626.2227,0,58915.22168,inf,102883.9219,2526,67787,209227.3359,inf,inf,336309.2227,316298.2227,inf,241994.2031,91659.92188,2586,182607.7031,50803.69141,2724,13119.28613,inf,40015.35156,58584.22168,315404.2227,inf,2981,314314.2227,inf,50506.69141,23247.42773,405692.2031,inf,inf,1425.333313,inf,43369.35156,438.25,318574.5562,56087.85156,53911.92188,39041.5,39235,10011.75,341358.2227,173,53879.25,194066.5261,6826,79019.78613,34817.33331,126071.5508,1075,555,322584.3652,241629.2031,inf,77044.4375,127259,inf,6123.5,inf,274822.25,137043.2813,35945.33331,inf,inf,143792.9271,34003,1293.15387,18281.55566,6629.15387,327855.3652,inf,8383.10144,353.5,326255.2227,1553.785706,inf,inf,155531.0313,44445.92188,7775.5,inf,2610,211419.5781,inf,124678.7734,inf,2502.387085
Metro_TV,441538.084,inf,inf,447125.7507,469411.084,483305.3057,441843.084,486863.3057,443737.084,inf,443796.084,454154.084,inf,0,inf,552897.3057,442764.084,502417.584,161373.0859,inf,inf,463837.084,443826.084,inf,640310.7559,42520,442824.084,611085.8027,484965.4668,442962.084,451647.084,inf,484796.084,498822.3057,442932.084,inf,441890.084,441842.084,inf,490744.7754,460696.1836,682834.8496,inf,inf,442813.4173,inf,488150.084,inf,446102.4175,500151.3057,4772,473672.084,478144.084,450249.834,468886.084,inf,494117.334,280348,447064.084,46099,476205.4173,118408.75,442463.084,441943.084,450112.2266,670107.3027,inf,34895,79404.75,inf,446361.584,inf,715060.334,178488.0859,477333.4173,inf,inf,185650,472912.084,442096.084,458519.6396,447324.7507,455383.2266,inf,448980.7983,inf,453783.084,442410.084,inf,inf,108032.084,494459.3057,448013.584,inf,442848.084,263638.0859,inf,147758,inf,443100.084
tempodotco,307426.2461,inf,inf,5794.166748,335299.2461,39027.5,307731.2461,42585.5,2405.5,inf,587.5,320042.2461,inf,52103.19141,0,108619.5,1441.5,69228.25,208133.8359,inf,inf,329725.2461,617.5,428.5,243435.4531,83990.33594,1361.5,184048.9531,44219.71484,1630.5,12025.78613,inf,53901,54544.5,1703.5,inf,307778.2461,3092.5,inf,49422.19141,21946.59961,407133.4531,inf,inf,1354.5,inf,57255,inf,311990.5796,55873.5,56875.19141,40482.75,42130.5,8918.25,334774.2461,inf,50005.5,192973.0261,5741.5,77926.28613,34746.5,124987.0508,1234.5,714.5,316000.3887,243070.4531,inf,76281.65625,126165.5,inf,5030,inf,273737.75,135949.7813,35874.5,inf,inf,143722.0938,42017,1452.65387,17188.05566,5993.166748,321271.3887,inf,8443.714355,inf,319671.2461,1713.285706,inf,inf,154446.5313,50181.5,6691,inf,1385.5,207545.8281,inf,114595.1563,inf,2563
DivHumas_Polri,433955.834,inf,inf,439543.5007,461828.834,475723.0557,434260.834,479281.0557,436154.834,inf,436213.834,446571.834,inf,483270.5254,inf,0,435181.834,494835.334,153790.8359,inf,inf,456254.834,436243.834,inf,632728.5059,515157.6699,435241.834,603503.5527,477383.2168,435379.834,444064.834,inf,477213.834,491240.0557,435349.834,inf,434307.834,434259.834,inf,483162.5254,453113.9336,675252.5996,inf,inf,435231.1673,inf,480567.834,inf,438520.1675,492569.0557,485723.334,466089.834,470561.834,442667.584,461303.834,inf,486535.084,257109,439481.834,509965.334,468623.1673,558727.3848,434880.834,434360.834,442529.9766,662525.0527,inf,11656,71822.5,inf,438779.334,inf,707478.084,170905.8359,469751.1673,inf,inf,315653.8359,465329.834,434513.834,450937.3896,439742.5007,447800.9766,inf,441398.5483,inf,446200.834,434827.834,inf,inf,100449.834,486877.0557,440431.334,inf,435265.834,256055.8359,inf,563607.1699,inf,435517.834
KemenkesRI,311484.2227,inf,inf,4361.666748,339357.2227,40541.22168,311789.2227,44099.22168,973,inf,313742.2227,324100.2227,inf,56389.22168,inf,110133.2217,0,81766.89844,206701.3359,inf,inf,333783.2227,313772.2227,inf,255974.1016,90353.52344,60,196587.6016,48277.69141,198,10593.28613,inf,52599.5,56058.22168,312878.2227,inf,311836.2227,311788.2227,inf,47980.69141,20721.42773,419672.1016,inf,inf,1249.333313,inf,55953.5,inf,316048.5562,57387.22168,58137.09375,53021.39844,40698,7485.75,338832.2227,inf,51353.25,191540.5261,4300,76493.78613,34641.33331,123545.5508,899,379,320058.3652,255609.1016,inf,91284.22168,124733,inf,3597.5,inf,272296.25,134517.2813,35769.33331,inf,inf,143616.9271,40715.5,1117.15387,15755.55566,4560.666748,325329.3652,inf,7002.214355,inf,323729.2227,1377.785706,inf,inf,153005.0313,51695.22168,5249.5,inf,84,208893.5781,inf,133743.3359,inf,1121.5
DGHisham,inf,inf,inf,inf,inf,inf,inf,inf,inf,inf,inf,inf,inf,inf,inf,inf,inf,0,inf,inf,inf,inf,inf,inf,197477.5,inf,inf,138091,inf,inf,inf,inf,inf,inf,inf,inf,inf,inf,inf,inf,inf,361175.5,inf,inf,inf,inf,inf,inf,inf,inf,inf,inf,inf,inf,inf,inf,inf,inf,inf,inf,inf,inf,inf,inf,inf,197112.5,inf,inf,inf,inf,inf,inf,inf,inf,inf,inf,inf,inf,inf,inf,inf,inf,inf,inf,inf,inf,inf,inf,inf,inf,inf,inf,inf,inf,inf,inf,inf,inf,inf,inf
TirtoID,inf,inf,inf,inf,inf,inf,inf,inf,inf,inf,inf,inf,inf,inf,inf,inf,inf,inf,0,inf,inf,inf,inf,inf,inf,inf,inf,inf,inf,inf,inf,inf,inf,inf,inf,inf,inf,inf,inf,inf,inf,inf,inf,inf,inf,inf,inf,inf,inf,inf,inf,inf,inf,inf,inf,inf,inf,inf,inf,inf,inf,inf,inf,inf,inf,inf,inf,inf,inf,inf,inf,inf,inf,17115,inf,inf,inf,161863,inf,inf,inf,inf,inf,inf,inf,inf,inf,inf,inf,inf,inf,inf,inf,inf,inf,102265,inf,inf,inf,inf
liputan6dotcom,308443.9141,inf,inf,6388.166748,336316.9141,42567.72168,308748.9141,46125.72168,2999.5,inf,1589,321059.9141,inf,51124.69141,inf,112159.7217,3036,83793.39844,208727.8359,0,inf,330742.9141,1619,inf,258000.6016,83011.83594,1955.5,198614.1016,45237.38281,2224.5,12619.78613,inf,54495,58084.72168,725,inf,308795.9141,2114,inf,51016.69141,20968.09961,421698.6016,inf,inf,1071,inf,57849,inf,313008.2476,59413.72168,55896.69141,55047.89844,42724.5,9512.25,335791.9141,inf,53379.75,193567.0261,7336,78520.28613,34463,126581.5508,2236,1716,317018.0566,257635.6016,inf,86019.69141,126759.5,inf,5624,inf,275332.25,136543.7813,35591,inf,inf,143438.5938,42611,1227.5,17782.05566,5402,322289.0566,540,9149.714355,inf,7588,1541.5,inf,inf,155386.834,53721.72168,8285.5,inf,1979.5,210920.0781,inf,135769.8359,inf,3269
republikaonline,325139.8646,inf,inf,6016.000122,353012.8646,42195.55505,325444.8646,45753.55505,2627.333374,inf,327397.8646,337755.8646,inf,58043.55505,inf,111323.7422,326365.8646,83421.23181,208355.6693,inf,0,347438.8646,327427.8646,inf,257628.4349,92007.85681,1583.333374,198241.9349,61933.33337,1852.333374,12247.61951,inf,54122.83337,57712.55505,326533.8646,inf,325491.8646,325443.8646,inf,53641.61951,20691.51563,421326.4349,inf,inf,1009,inf,57476.83337,inf,329704.1981,59041.55505,59791.42712,54675.73181,42352.33337,9140.083374,352487.8646,inf,53007.58337,193194.8595,7569.333374,78148.11951,34401,129206.4789,976,456,333714.0072,257263.4349,inf,92938.55505,126387.3334,inf,5251.833374,inf,598662.1146,136171.6146,35529,inf,inf,143376.5938,42238.83337,1194.15387,17409.88904,6215.000122,338985.0072,inf,8284.10144,inf,337384.8646,1454.785706,inf,inf,155014.6674,52885.74219,9121.333374,inf,1607.333374,210547.9115,inf,135397.6693,inf,2403.387085
drzul_albakri,inf,inf,inf,inf,41764,inf,inf,inf,inf,inf,inf,inf,inf,inf,inf,inf,inf,74770.5,inf,inf,inf,0,inf,inf,248977.7031,inf,inf,189591.2031,inf,inf,inf,inf,inf,inf,inf,inf,inf,inf,inf,inf,inf,412675.7031,inf,inf,inf,inf,inf,inf,inf,inf,inf,46025,inf,inf,inf,inf,inf,inf,inf,inf,inf,inf,inf,inf,inf,248612.7031,inf,inf,inf,inf,inf,inf,inf,inf,inf,inf,inf,inf,inf,inf,inf,inf,inf,inf,inf,inf,inf,inf,inf,inf,inf,inf,inf,inf,inf,inf,inf,inf,inf,inf
VIVAcoid,308804.9141,inf,inf,6838.666748,336677.9141,43018.22168,309109.9141,46576.22168,3450,inf,1030,321420.9141,inf,51485.69141,inf,112610.2217,2477,84243.89844,209178.3359,inf,inf,331103.9141,0,inf,258451.1016,83372.83594,2537,199064.6016,45598.38281,2675,13070.28613,inf,55076.5,58535.22168,1086,inf,309156.9141,2475,inf,50457.69141,21329.09961,422149.1016,inf,inf,737,inf,58430.5,inf,313369.2476,59864.22168,56257.69141,55498.39844,43175,9962.75,336152.9141,inf,53830.25,194017.5261,6777,78970.78613,34129,126022.5508,617,97,317379.0566,258086.1016,inf,86380.69141,127210,inf,6074.5,inf,274773.25,136994.2813,35257,inf,inf,143104.5938,43192.5,835.1538696,18232.55566,6171.15387,322650.0566,inf,7925.10144,inf,321049.9141,1095.785706,inf,inf,155482.0313,54172.22168,7726.5,inf,2561,211370.5781,inf,136220.3359,inf,2044.387085
korantempo,307482.2461,inf,inf,5365.666748,335355.2461,38599,307787.2461,42157,1977,inf,159,320098.2461,inf,51674.69141,56,108191,1497.5,69284.25,207705.3359,inf,inf,329781.2461,189,0,243491.4531,83561.83594,933,184104.9531,44275.71484,1202,11597.28613,inf,53472.5,54116,1275,inf,307834.2461,2664,inf,49478.19141,21518.09961,407189.4531,inf,inf,926,inf,56826.5,inf,312046.5796,55445,56446.69141,40538.75,41702,8489.75,334830.2461,inf,49577,192544.5261,5797.5,77497.78613,34318,125043.0508,806,286,316056.3887,243126.4531,inf,75853.15625,125737,inf,4601.5,inf,273793.75,135521.2813,35446,inf,inf,143293.5938,41588.5,1024.15387,16759.55566,5564.666748,321327.3887,inf,8114.10144,inf,319727.2461,1284.785706,inf,inf,154364.334,49753,6747,inf,957,207117.3281,inf,114651.1563,inf,2233.387085
SyedSaddiq,inf,inf,inf,inf,inf,inf,inf,inf,inf,inf,inf,inf,inf,inf,inf,inf,inf,inf,inf,inf,inf,inf,inf,inf,0,inf,inf,inf,inf,inf,inf,inf,inf,inf,inf,inf,inf,inf,inf,inf,inf,163698,inf,inf,inf,inf,inf,inf,inf,inf,inf,inf,inf,inf,inf,inf,inf,inf,inf,inf,inf,inf,inf,inf,inf,inf,inf,inf,inf,inf,inf,inf,inf,inf,inf,inf,inf,inf,inf,inf,inf,inf,inf,inf,inf,inf,inf,inf,inf,inf,inf,inf,inf,inf,inf,inf,inf,inf,inf,inf
BBCIndonesia,inf,inf,inf,inf,inf,inf,inf,inf,inf,inf,inf,inf,inf,inf,inf,inf,inf,inf,inf,inf,inf,inf,inf,inf,inf,0,inf,inf,inf,inf,inf,inf,inf,inf,inf,inf,inf,inf,inf,inf,inf,inf,inf,inf,inf,inf,inf,inf,inf,inf,inf,inf,inf,inf,inf,inf,inf,268333,inf,3579,inf,132072,inf,inf,inf,inf,inf,22880,inf,inf,inf,inf,inf,192152,inf,inf,inf,143130,inf,inf,inf,inf,inf,inf,inf,inf,inf,inf,inf,inf,inf,inf,inf,inf,inf,inf,inf,105238,inf,inf
KemensetnegRI,323556.5313,inf,inf,4432.666748,351429.5313,40612.22168,323861.5313,44170.22168,1044,inf,325814.5313,336172.5313,inf,56460.22168,inf,110204.2217,324782.5313,81837.89844,206772.3359,inf,inf,345855.5313,325844.5313,inf,256045.1016,90424.52344,0,196658.6016,60350,269,10664.28613,inf,52539.5,56129.22168,324950.5313,inf,323908.5313,323860.5313,inf,52058.28613,20661.42773,419743.1016,inf,inf,1189.333313,inf,55893.5,inf,328120.8647,57458.22168,58208.09375,53092.39844,40769,7556.75,350904.5313,inf,51424.25,191611.5261,5986,76564.78613,34581.33331,127623.1455,839,319,332130.6738,255680.1016,inf,91355.22168,124804,inf,3668.5,inf,597078.7813,134588.2813,35709.33331,inf,inf,143556.9271,40655.5,1057.15387,15826.55566,4631.666748,337401.6738,inf,7354.714355,inf,335801.5313,1317.785706,inf,inf,153431.334,51766.22168,7538,inf,24,208964.5781,inf,133814.3359,inf,1474
Khairykj,inf,inf,inf,inf,inf,inf,inf,inf,inf,inf,inf,inf,inf,inf,inf,inf,inf,inf,inf,inf,inf,inf,inf,inf,59386.5,inf,inf,0,inf,inf,inf,inf,inf,inf,inf,inf,inf,inf,inf,inf,inf,223084.5,inf,inf,inf,inf,inf,inf,inf,inf,inf,inf,inf,inf,inf,inf,inf,inf,inf,inf,inf,inf,inf,inf,inf,59021.5,inf,inf,inf,inf,inf,inf,inf,inf,inf,inf,inf,inf,inf,inf,inf,inf,inf,inf,inf,inf,inf,inf,inf,inf,inf,inf,inf,inf,inf,inf,inf,inf,inf,inf
setkabgoid,263206.5313,inf,inf,268794.198,291079.5313,18400.66699,263511.5313,21958.66699,265405.5313,inf,265464.5313,275822.5313,inf,34248.66699,inf,87992.66699,264432.5313,324086.0313,178107.7656,inf,inf,285505.5313,265494.5313,inf,240702.167,72047.16699,264492.5313,181315.667,0,264630.5313,273315.5313,inf,14452.66699,33917.66699,264600.5313,inf,263558.5313,263510.5313,inf,312413.2227,282364.6309,404400.167,inf,inf,264481.8646,inf,17806.66699,inf,267770.8647,30525.16699,39020.66699,295340.5313,12445,271918.2813,290554.5313,inf,29378.66699,177949.9951,268732.5313,51020.66797,4951,132324.3359,264131.5313,263611.5313,271780.6738,240337.167,inf,69143.66699,96139.42969,inf,268030.0313,inf,536728.7813,153016.6719,6079,inf,inf,113926.5938,7213,263764.5313,280188.0869,268993.198,277051.6738,inf,270649.2456,inf,275451.5313,264078.5313,inf,inf,124766.7637,29554.66699,269682.0313,inf,264516.5313,186918.9951,inf,105490.3359,inf,264768.5313
antaranews,323287.5313,inf,inf,7493,351160.5313,46041.83276,323592.5313,49599.83276,325486.5313,inf,325545.5313,335903.5313,inf,61889.83276,inf,115633.8328,324513.5313,90728.5,206503.3359,inf,inf,345586.5313,325575.5313,inf,264935.7031,97231.39844,324573.5313,205549.2031,60081,0,18149.66675,inf,59758,61558.83276,324681.5313,inf,323639.5313,323591.5313,inf,58580.16675,28566.16675,428633.7031,inf,inf,324562.8646,inf,63112,inf,327851.8647,62887.83276,59483.39844,61983,40500,11355.66675,350635.5313,inf,57019.83276,194671.8594,328813.5313,84050.16675,52682.19922,134145.0261,324212.5313,323692.5313,331861.6738,264570.7031,inf,96784.83276,124535,inf,328111.0313,inf,596809.7813,134319.2813,53810.19922,inf,inf,148433.9375,47874,323845.5313,21256.16675,7692,337132.6738,inf,330730.2456,inf,335532.5313,324159.5313,inf,inf,153162.334,57195.83276,329763.0313,inf,324597.5313,214560.1609,inf,133545.3359,inf,324849.5313
KawalCOVID19,363422.0098,inf,inf,369009.6765,391295.0098,32963.66602,363727.0098,36521.66602,365621.0098,inf,365680.0098,376038.0098,inf,48811.66602,inf,102555.666,364648.0098,424301.5098,210184.752,inf,inf,385721.0098,365710.0098,inf,255265.166,91331.66602,364708.0098,195878.666,406849.3926,364846.0098,0,inf,406680.0098,48480.66602,364816.0098,inf,363774.0098,363726.0098,inf,41394,15488,418963.166,inf,inf,364697.3431,inf,410034.0098,inf,367986.3433,49809.66602,53583.66602,395556.0098,56570,372133.7598,390770.0098,inf,43941.66602,192512.9941,368948.0098,65900.5,49076,116958.8594,364347.0098,363827.0098,371996.1523,254900.166,inf,83706.66602,128216.416,inf,368245.5098,inf,636944.2598,168403.6719,50204,inf,inf,158051.5938,394796.0098,363980.0098,8178,369208.6765,377267.1523,inf,370864.7241,inf,375667.0098,364294.0098,inf,inf,156843.75,44117.66602,369897.5098,inf,364732.0098,201481.9941,inf,134728.6016,inf,364984.0098
RadioElshinta,301939.6992,inf,inf,5190.856934,329812.6992,43682.22168,302244.6992,47240.22168,4114,inf,304197.6992,314555.6992,inf,59530.22168,inf,113274.2217,3141,84907.89844,209842.3359,inf,inf,324238.6992,304227.6992,inf,259115.1016,93494.52344,3201,199728.6016,38733.16797,3339,13734.28613,0,53185.83496,59199.22168,303333.6992,inf,302291.6992,302243.6992,inf,51121.69141,23862.42773,422813.1016,inf,inf,1334.5,inf,56539.83496,inf,306504.0327,60528.22168,61278.09375,56162.39844,43839,9053.523682,329287.6992,inf,54494.25,192369.7163,7441,79634.78613,34726.5,126686.5508,736,3520,310513.8418,258750.1016,inf,94425.22168,127874,inf,6738.5,inf,275437.25,137658.2813,35854.5,inf,inf,143702.0938,43821.35156,2406.5,18896.55566,5389.856934,315784.8418,inf,10143.21436,inf,314184.6992,2720.5,inf,inf,156146.0313,54836.22168,8390.5,inf,3225,212034.5781,inf,136884.3359,inf,4262.5
kemkominfo,329684.8438,inf,inf,335272.5105,357557.8438,3948,329989.8438,7506,331883.8438,inf,331942.8438,342300.8438,inf,19796,inf,73540,330910.8438,390564.3438,181169.0859,inf,inf,351983.8438,331972.8438,inf,226249.5,57594.5,330970.8438,166863,373112.2266,331108.8438,339793.8438,inf,0,19465,331078.8438,inf,330036.8438,329988.8438,inf,378891.5352,348842.9434,389947.5,inf,inf,330960.1771,inf,3354,inf,334249.1772,16072.5,24568,361818.8438,366290.8438,338396.5938,357032.8438,inf,14926,163497.3281,335210.8438,61173.5,364352.1771,138204.75,330609.8438,330089.8438,338258.9863,225884.5,inf,54691,99200.75,inf,334508.3438,inf,603207.0938,198284.0859,365480.1771,inf,inf,200724.5,361058.8438,330242.8438,346666.3994,335471.5105,343529.9863,inf,337127.5581,inf,341929.8438,330556.8438,inf,inf,127828.084,15102,336160.3438,inf,330994.8438,172466.3281,inf,162832.5,inf,331246.8438
nu_online,314941.3438,inf,inf,320529.0105,342814.3438,356708.5654,315246.3438,360266.5654,317140.3438,inf,317199.3438,327557.3438,inf,364256.0352,inf,426300.5654,316167.3438,375820.8438,181947.8359,inf,inf,337240.3438,317229.3438,inf,513714.0156,42851,316227.3438,484489.0625,358368.7266,316365.3438,325050.3438,inf,358199.3438,0,316335.3438,inf,315293.3438,315245.3438,inf,364148.0352,334099.4434,556238.1094,inf,inf,316216.6771,inf,361553.3438,inf,319505.6772,1329,366708.8438,347075.3438,351547.3438,323653.0938,342289.3438,inf,367520.5938,311184,320467.3438,46430,349608.6771,129203.5,315866.3438,315346.3438,323515.4863,543510.5625,inf,65731,99979.5,inf,319764.8438,inf,588463.5938,189283.5,350736.6771,inf,inf,181539.1719,346315.3438,315499.3438,331922.8994,320728.0105,328786.4863,inf,322384.0581,inf,327186.3438,315813.3438,inf,inf,128606.834,367862.5654,321416.8438,inf,316251.3438,284212.8359,inf,148089,inf,316503.3438
tni_ad,307718.9141,inf,inf,6672.666748,335591.9141,42852.22168,308023.9141,46410.22168,3284,inf,864,320334.9141,inf,50399.69141,inf,112444.2217,2311,84077.89844,209012.3359,inf,inf,330017.9141,894,inf,258285.1016,82286.83594,2371,198898.6016,44512.38281,2509,12904.28613,inf,54910.5,58369.22168,0,inf,308070.9141,1389,inf,50291.69141,20243.09961,421983.1016,inf,inf,1631,inf,58264.5,inf,312283.2476,59698.22168,55171.69141,55332.39844,43009,9796.75,335066.9141,inf,53664.25,193851.5261,6611,78804.78613,35023,125856.5508,1511,991,316293.0566,257920.1016,inf,85294.69141,127044,inf,5908.5,inf,274607.25,136828.2813,36151,inf,inf,143998.5938,43026.5,1643,18066.55566,6871.666748,321564.0566,inf,8819.10144,inf,319963.9141,1957,inf,inf,155316.0313,54006.22168,7560.5,inf,2395,211204.5781,inf,136054.3359,inf,2938.387085
addiems,inf,inf,inf,inf,inf,inf,inf,inf,inf,inf,inf,inf,inf,inf,inf,inf,inf,inf,inf,inf,inf,inf,inf,inf,inf,inf,inf,inf,inf,inf,inf,inf,inf,inf,inf,0,inf,inf,inf,inf,inf,inf,inf,inf,inf,inf,inf,inf,inf,inf,inf,inf,inf,inf,inf,inf,inf,252718,inf,inf,inf,inf,inf,inf,inf,inf,inf,7265,inf,inf,inf,inf,inf,inf,inf,inf,inf,363088,inf,inf,inf,inf,inf,inf,inf,inf,inf,inf,inf,inf,inf,inf,inf,inf,inf,inf,inf,inf,inf,inf
tribunnews,312358.2227,inf,inf,5235.666748,340231.2227,41415.22168,312663.2227,44973.22168,1847,inf,314616.2227,324974.2227,inf,57263.22168,inf,111007.2217,874,64806,207575.3359,inf,inf,334657.2227,314646.2227,inf,239013.2031,89163.5,934,179626.7031,49151.69141,1072,11467.28613,inf,42906,56932.22168,313752.2227,inf,0,312662.2227,inf,48854.69141,21595.42773,402711.2031,inf,inf,2123.333313,inf,46260,inf,316922.5562,58261.22168,51415.5,36060.5,36254,8359.75,339706.2227,inf,52227.25,192414.5261,5174,77367.78613,35515.33331,124419.5508,1773,1253,320932.3652,238648.2031,inf,92158.22168,125607,inf,4471.5,inf,273170.25,135391.2813,36643.33331,inf,inf,144490.9271,31022,206,16629.55566,5434.666748,326203.3652,inf,7876.214355,inf,324603.2227,520,inf,inf,153879.0313,52569.22168,6123.5,inf,958,209767.5781,inf,129299.3359,inf,1995.5
mediaindonesia,306329.9141,inf,inf,6654.166748,334202.9141,42833.72168,306634.9141,46391.72168,3265.5,inf,1954,318945.9141,inf,49010.69141,inf,112425.7217,3401,84059.39844,208993.8359,inf,inf,328628.9141,1984,inf,258266.6016,80897.83594,2221.5,198880.1016,43123.38281,2490.5,12885.78613,inf,53838.64844,58350.72168,1090,inf,306681.9141,0,inf,51381.69141,18854.09961,421964.6016,inf,inf,971.333313,inf,57192.64844,inf,310894.2476,59679.72168,53782.69141,55313.89844,42990.5,9778.25,333677.9141,inf,53645.75,193833.0261,7701,78786.28613,34363.33331,126946.5508,621,101,314904.0566,257901.6016,inf,83905.69141,127025.5,inf,5890,inf,275697.25,136809.7813,35491.33331,inf,inf,143338.9271,41954.64844,839.1538696,18048.05566,6175.15387,320175.0566,inf,7929.10144,inf,318574.9141,1099.785706,inf,inf,155652.834,53987.72168,8650.5,inf,2245.5,211186.0781,inf,136035.8359,inf,2048.387085
Beritasatu,314534.4727,inf,inf,7411.916748,342407.4727,43591.47168,314839.4727,47149.47168,4023.25,628,316792.4727,327150.4727,inf,59439.47168,inf,113183.4717,3050.25,67878,209751.5859,inf,inf,336833.4727,316822.4727,inf,242085.2031,92235.5,3110.25,182698.7031,51327.94141,3248.25,13643.53613,inf,45978,59108.47168,315928.4727,inf,3072,314838.4727,0,51030.94141,20115.27344,405783.2031,inf,inf,1516.333313,inf,49332,529.25,319098.8062,60437.47168,54487.5,39132.5,39326,10536,341882.4727,264,54403.5,194590.7761,7350.25,79544.03613,34908.33331,126595.8008,1166,646,323108.6152,241720.2031,inf,94334.47168,127783.25,inf,6647.75,inf,275346.5,137567.5313,36036.33331,inf,inf,143883.9271,34094,1384.15387,18805.80566,6720.15387,328379.6152,inf,8474.10144,444.5,326779.4727,1644.785706,inf,inf,156055.2813,54745.47168,8299.75,inf,3134.25,211943.8281,inf,132371.3359,inf,2593.387085
blogdokter,inf,inf,inf,inf,inf,inf,inf,inf,inf,inf,inf,inf,inf,inf,inf,inf,inf,inf,inf,inf,inf,inf,inf,inf,inf,inf,inf,inf,inf,inf,inf,inf,inf,inf,inf,inf,inf,inf,inf,0,inf,inf,inf,inf,inf,inf,inf,inf,inf,inf,37644.5,inf,15176,inf,inf,inf,inf,343725.5,inf,78971.5,inf,75564.85938,inf,inf,inf,inf,inf,98272.5,inf,inf,inf,inf,inf,195135.3281,inf,inf,inf,312620,inf,inf,inf,inf,inf,inf,inf,inf,inf,inf,inf,inf,inf,inf,inf,inf,inf,352694.5,inf,108221.3359,inf,inf
fadjroeL,384652.8438,inf,inf,390240.5105,412525.8438,54194.5,384957.8438,57752.5,386851.8438,inf,386910.8438,397268.8438,inf,70042.5,inf,123786.5,385878.8438,445532.3438,231415.5859,inf,inf,406951.8438,386940.8438,inf,276496,112562.5,385938.8438,217109.5,428080.2266,386076.8438,394761.8438,inf,427910.8438,69711.5,386046.8438,inf,385004.8438,384956.8438,inf,433859.5352,0,440194,inf,inf,385928.1771,inf,431264.8438,inf,389217.1772,71040.5,74814.5,416786.8438,421258.8438,393364.5938,412000.8438,inf,65172.5,213743.8281,390178.8438,82169.16797,36099.5,188451.25,385577.8438,385057.8438,393226.9863,276131,inf,101470.168,149447.25,inf,389476.3438,inf,658175.0938,248530.5859,37227.5,inf,inf,145075.0938,416026.8438,385210.8438,401634.3994,390439.5105,398497.9863,inf,392095.5581,inf,396897.8438,385524.8438,inf,inf,178074.584,65348.5,391128.3438,inf,385962.8438,222712.8281,inf,183828.168,inf,386214.8438
XavierNaxa,inf,inf,inf,inf,inf,inf,inf,inf,inf,inf,inf,inf,inf,inf,inf,inf,inf,inf,inf,inf,inf,inf,inf,inf,inf,inf,inf,inf,inf,inf,inf,inf,inf,inf,inf,inf,inf,inf,inf,inf,inf,0,inf,inf,inf,inf,inf,inf,inf,inf,inf,inf,inf,inf,inf,inf,inf,inf,inf,inf,inf,inf,inf,inf,inf,inf,inf,inf,inf,inf,inf,inf,inf,inf,inf,inf,inf,inf,inf,inf,inf,inf,inf,inf,inf,inf,inf,inf,inf,inf,inf,inf,inf,inf,inf,inf,inf,inf,inf,inf
hariankompas,308600.375,inf,305.5,6330.25,51051.90723,43182.72168,308905.375,46740.72168,3614.5,689,2733.5,321216.375,inf,52269.19141,inf,112774.7217,2641.5,56210.23926,209342.8359,1541.5,inf,330899.375,2763.5,inf,185761.5791,84156.33594,2701.5,169316.9072,45393.84375,2839.5,13234.78613,inf,44673.5,58699.72168,1869.5,inf,1767.5,3258.5,159.5,50622.19141,20274.77344,302818.1885,0,inf,1526.5,inf,48027.5,468.3333435,313164.7085,60028.72168,53183,35928.40723,38021.5,10127.25,14336.90723,325,46120.60156,193509.1094,6941.5,64890.72656,34918.5,126187.0508,1227,707,317174.5176,228338.4072,35,84191.72656,127374.5,6,4690.214355,inf,274937.75,137158.7813,36046.5,inf,inf,143894.0938,32789.5,1445.15387,18397.05566,4185.549805,322445.5176,2081.5,8535.10144,427,9129.5,1705.785706,inf,inf,155646.5313,54336.72168,7891,inf,2725.5,203660.9297,89,131066.8359,inf,2654.387085
JKJAVMY,416641.8438,inf,inf,422229.5105,53245,86183.5,416946.8438,89741.5,418840.8438,inf,418899.8438,429257.8438,inf,102031.5,inf,155775.5,417867.8438,58647.66797,263404.5859,inf,inf,11481,418929.8438,inf,107001.1016,144551.5,417927.8438,154246.25,460069.2266,418065.8438,426750.8438,inf,459899.8438,101700.5,418035.8438,inf,416993.8438,416945.8438,inf,465848.5352,31989,169783.2969,inf,0,417917.1771,130,463253.8438,inf,421206.1772,103029.5,106803.5,32865,453247.8438,425353.5938,23226,inf,97161.5,245732.8281,422167.8438,114158.168,68088.5,220440.25,417566.8438,417046.8438,425215.9863,118482,inf,133459.168,181436.25,inf,421465.3438,inf,690164.0938,280519.5859,69216.5,inf,inf,177064.0938,448015.8438,417199.8438,433623.3994,422428.5105,430486.9863,inf,424084.5581,inf,428886.8438,417513.8438,inf,inf,210063.584,97337.5,423117.3438,inf,417951.8438,254701.8281,inf,215817.168,inf,418203.8438
tjhinfar21,421193.3438,inf,inf,426781.0105,449066.3438,90735,421498.3438,94293,423392.3438,inf,423451.3438,433809.3438,inf,106583,inf,160327,422419.3438,482072.8438,267956.0859,inf,inf,443492.3438,423481.3438,inf,313036.5,149103,422479.3438,253650,464620.7266,422617.3438,431302.3438,inf,464451.3438,106252,422587.3438,inf,421545.3438,421497.3438,inf,470400.0352,36540.5,476734.5,inf,inf,0,inf,467805.3438,inf,425757.6772,107581,111355,453327.3438,457799.3438,429905.0938,448541.3438,inf,101713,227526.8281,426719.3438,79461.66797,33392,203326.4531,422118.3438,421598.3438,429767.4863,312671.5,inf,98762.66797,185987.75,inf,426016.8438,inf,694715.5938,268034.668,34520,inf,inf,142367.5938,452567.3438,1072,438174.8994,6408,435038.4863,inf,8994.214355,inf,433438.3438,1386,inf,inf,214615.084,101889,427668.8438,inf,422503.3438,259253.3281,inf,181120.668,inf,3113.5
bharianmy,416511.8438,inf,inf,422099.5105,59811,86053.5,416816.8438,89611.5,418710.8438,inf,418769.8438,429127.8438,inf,101901.5,inf,155645.5,417737.8438,58517.66797,263274.5859,inf,inf,18047,418799.8438,inf,106871.1016,144421.5,417797.8438,154116.25,459939.2266,417935.8438,426620.8438,inf,459769.8438,101570.5,417905.8438,inf,416863.8438,416815.8438,inf,465718.5352,31859,169653.2969,inf,inf,417787.1771,0,463123.8438,inf,421076.1772,102899.5,106673.5,32735,453117.8438,425223.5938,23096,inf,97031.5,245602.8281,422037.8438,114028.168,67958.5,220310.25,417436.8438,416916.8438,425085.9863,118352,inf,133329.168,181306.25,inf,421335.3438,inf,690034.0938,280389.5859,69086.5,inf,inf,176934.0938,447885.8438,417069.8438,433493.3994,422298.5105,430356.9863,inf,423954.5581,inf,428756.8438,417383.8438,inf,inf,209933.584,97207.5,422987.3438,inf,417821.8438,254571.8281,inf,215687.168,inf,418073.8438
KemenkeuRI,326330.8438,inf,inf,331918.5105,354203.8438,368098.0654,326635.8438,371656.0654,328529.8438,inf,328588.8438,338946.8438,inf,375645.5352,inf,437690.0654,327556.8438,387210.3438,193337.3359,inf,inf,348629.8438,328618.8438,inf,525103.5156,54240.5,327616.8438,495878.5625,369758.2266,327754.8438,336439.8438,inf,369588.8438,383615.0654,327724.8438,inf,326682.8438,326634.8438,inf,375537.5352,345488.9434,567627.6094,inf,inf,327606.1771,inf,0,inf,330895.1772,12718.5,378098.3438,358464.8438,362936.8438,335042.5938,353678.8438,inf,378910.0938,322573.5,331856.8438,57819.5,360998.1771,186312.5,327255.8438,326735.8438,334904.9863,554900.0625,inf,77120.5,111369,inf,331154.3438,inf,599853.0938,210452.3359,362126.1771,inf,inf,197370.5,357704.8438,326888.8438,343312.3994,332117.5105,340175.9863,inf,333773.5581,inf,338575.8438,327202.8438,inf,inf,139996.334,379252.0654,332806.3438,inf,327640.8438,295602.3359,inf,159478.5,inf,327892.8438
YRadianto,315054.556,inf,inf,7932.000076,342927.556,44111.55501,315359.556,47669.55501,4543.333328,252.3333282,317312.556,327670.556,inf,59959.55501,inf,113703.555,3570.333328,67502.33333,210271.6693,inf,inf,337353.556,317342.556,inf,241709.5365,91859.83333,3630.333328,182323.0365,51848.02473,3768.333328,14163.61946,inf,45602.33333,59628.55501,316448.556,inf,2696.333328,315358.556,inf,51551.02473,24291.76106,405407.5365,inf,inf,1140.666641,inf,48956.33333,0,319618.8895,60957.55501,54111.83333,38756.83333,38950.33333,11056.08333,342402.556,inf,54923.58333,195110.8595,7870.333328,80064.11946,34532.66664,127115.8841,790.3333282,270.3333282,323628.6986,241344.5365,inf,94854.55501,128303.3333,inf,7167.833328,inf,275866.5833,138087.6146,35660.66664,inf,inf,143508.2604,33718.33333,1008.487198,19325.88899,6344.487198,328899.6986,inf,8098.434769,inf,327299.556,1269.119034,inf,inf,156575.3646,55265.55501,8819.833328,inf,3654.333328,212463.9115,inf,131995.6693,inf,2217.720413
TRANS7,371158.1765,inf,inf,2151,399031.1765,40699.83276,371463.1765,44257.83276,373357.1765,inf,373416.1765,383774.1765,inf,56547.83276,inf,110291.8328,372384.1765,432037.6765,217920.9187,inf,inf,393457.1765,373446.1765,inf,263001.3328,99067.83276,372444.1765,203614.8328,414585.5593,372582.1765,12807.66675,inf,81056,56216.83276,372552.1765,inf,371510.1765,371462.1765,inf,53238.16675,23224.16675,426699.3328,inf,inf,372433.5098,inf,84410,inf,0,57545.83276,61319.83276,403292.1765,68414.16675,6013.666748,398506.1765,inf,51677.83276,189329.8594,376684.1765,78708.16675,47340.19922,128803.0261,372083.1765,371563.1765,16056,262636.3328,inf,91442.83276,135952.5828,inf,375981.6765,inf,644680.4265,181211.3386,48468.19922,inf,inf,143091.9375,69172,371716.1765,15914.16675,2350,21327,inf,378600.8909,inf,383403.1765,372030.1765,inf,inf,164579.9167,51853.83276,377633.6765,inf,372468.1765,209218.1609,inf,142464.7683,inf,372720.1765
Kemenag_RI,313612.3438,inf,inf,319200.0105,341485.3438,355379.5654,313917.3438,358937.5654,315811.3438,inf,315870.3438,326228.3438,inf,362927.0352,inf,424971.5654,314838.3438,374491.8438,180618.8359,inf,inf,335911.3438,315900.3438,inf,512385.0156,41522,314898.3438,483160.0625,357039.7266,315036.3438,323721.3438,inf,356870.3438,370896.5654,315006.3438,inf,313964.3438,313916.3438,inf,362819.0352,332770.4434,554909.1094,inf,inf,314887.6771,inf,360224.3438,inf,318176.6772,0,365379.8438,345746.3438,350218.3438,322324.0938,340960.3438,inf,366191.5938,309855,319138.3438,45101,348279.6771,173594,314537.3438,314017.3438,322186.4863,542181.5625,inf,64402,98650.5,inf,318435.8438,inf,587134.5938,197733.8359,349407.6771,inf,inf,184652,344986.3438,314170.3438,330593.8994,319399.0105,327457.4863,inf,321055.0581,inf,325857.3438,314484.3438,inf,inf,127277.834,366533.5654,320087.8438,inf,314922.3438,282883.8359,inf,146760,inf,315174.3438
Dandhy_Laksono,inf,inf,inf,inf,inf,inf,inf,inf,inf,inf,inf,inf,inf,inf,inf,inf,inf,inf,inf,inf,inf,inf,inf,inf,inf,inf,inf,inf,inf,inf,inf,inf,inf,inf,inf,inf,inf,inf,inf,inf,inf,inf,inf,inf,inf,inf,inf,inf,inf,inf,0,inf,inf,inf,inf,inf,inf,306081,inf,41327,inf,169820,inf,inf,inf,inf,inf,60628,inf,inf,inf,inf,inf,229900,inf,inf,inf,274975.5,inf,inf,inf,inf,inf,inf,inf,inf,inf,inf,inf,inf,inf,inf,inf,inf,inf,315050,inf,142986,inf,inf
bernamadotcom,inf,inf,inf,inf,inf,inf,inf,inf,inf,inf,inf,inf,inf,inf,inf,inf,inf,28745.5,inf,inf,inf,inf,inf,inf,202952.7031,inf,inf,143566.2031,inf,inf,inf,inf,inf,inf,inf,inf,inf,inf,inf,inf,inf,366650.7031,inf,inf,inf,inf,inf,inf,inf,inf,inf,0,inf,inf,inf,inf,inf,inf,inf,inf,inf,inf,inf,inf,inf,202587.7031,inf,inf,inf,inf,inf,inf,inf,inf,inf,inf,inf,inf,inf,inf,inf,inf,inf,inf,inf,inf,inf,inf,inf,inf,inf,inf,inf,inf,inf,inf,inf,inf,inf,inf
dr_koko28,inf,inf,inf,inf,inf,inf,inf,inf,inf,inf,inf,inf,inf,inf,inf,inf,inf,inf,inf,inf,inf,inf,inf,inf,inf,inf,inf,inf,inf,inf,inf,inf,inf,inf,inf,inf,inf,inf,inf,inf,inf,inf,inf,inf,inf,inf,inf,inf,inf,inf,inf,inf,0,inf,inf,inf,inf,337302,inf,72548,inf,119879.3359,inf,inf,inf,inf,inf,91849,inf,inf,inf,inf,inf,179959.3281,inf,inf,inf,306196.5,inf,inf,inf,inf,inf,inf,inf,inf,inf,inf,inf,inf,inf,inf,inf,inf,inf,inf,inf,93045.33594,inf,inf
ferdiriva,365144.5098,inf,inf,370732.1765,393017.5098,34686.16602,365449.5098,38244.16602,367343.5098,inf,367402.5098,377760.5098,inf,50534.16602,inf,104278.166,366370.5098,426024.0098,211907.252,inf,inf,387443.5098,367432.5098,inf,256987.666,93054.16602,366430.5098,197601.166,408571.8926,366568.5098,6794,inf,408402.5098,50203.16602,366538.5098,inf,365496.5098,365448.5098,inf,47224.5,17210.5,420685.666,inf,inf,366419.8431,inf,411756.5098,inf,369708.8433,51532.16602,55306.16602,397278.5098,62400.5,0,392492.5098,inf,45664.16602,194235.4941,370670.5098,72694.5,53310,122789.3594,366069.5098,365549.5098,373718.6523,256622.666,inf,85429.16602,129938.916,inf,369968.0098,inf,638666.7598,175197.6719,54438,inf,inf,162285.5938,396518.5098,365702.5098,9900.5,370931.1765,378989.6523,inf,372587.2241,inf,377389.5098,366016.5098,inf,inf,158566.25,45840.16602,371620.0098,inf,366454.5098,203204.4941,inf,136451.1016,inf,366706.5098
hmetromy,inf,inf,inf,inf,36715,inf,inf,inf,inf,inf,inf,inf,inf,inf,inf,inf,inf,41873.33203,inf,inf,inf,inf,inf,inf,171424.6719,inf,inf,154980,inf,inf,inf,inf,inf,inf,inf,inf,inf,inf,inf,inf,inf,288481.2813,inf,inf,inf,inf,inf,inf,inf,inf,inf,21591.5,inf,inf,0,inf,inf,inf,inf,inf,inf,inf,inf,inf,inf,214001.5,inf,inf,inf,inf,inf,inf,inf,inf,inf,inf,inf,inf,inf,inf,inf,inf,inf,inf,inf,inf,inf,inf,inf,inf,inf,inf,inf,inf,inf,inf,inf,inf,inf,inf
Aryprasetyo85,315166.2227,inf,inf,8043.666748,343039.2227,44223.22168,315471.2227,47781.22168,4655,364,317424.2227,327782.2227,inf,60071.22168,inf,113815.2217,3682,67614,210383.3359,inf,inf,337465.2227,317454.2227,inf,241821.2031,91971.5,3742,182434.7031,51959.69141,3880,14275.28613,inf,45714,59740.22168,316560.2227,inf,2808,315470.2227,inf,51662.69141,24403.42773,405519.2031,inf,inf,1252.333313,inf,49068,265.25,319730.5562,61069.22168,54223.5,38868.5,39062,11167.75,342514.2227,0,55035.25,195222.5261,7982,80175.78613,34644.33331,127227.5508,902,382,323740.3652,241456.2031,inf,94966.22168,128415,inf,7279.5,inf,275978.25,138199.2813,35772.33331,inf,inf,143619.9271,33830,1120.15387,19437.55566,6456.15387,329011.3652,inf,8210.10144,180.5,327411.2227,1380.785706,inf,inf,156687.0313,55377.22168,8931.5,inf,3766,212575.5781,inf,132107.3359,inf,2329.387085
BurhanMuhtadi,inf,inf,inf,inf,inf,inf,inf,inf,inf,inf,inf,inf,inf,inf,inf,inf,inf,inf,inf,inf,inf,inf,inf,inf,inf,47390,inf,inf,inf,inf,inf,inf,inf,inf,inf,inf,inf,inf,inf,inf,inf,inf,inf,inf,inf,inf,inf,inf,inf,inf,9642,inf,inf,inf,inf,inf,0,148571.3281,inf,50969,inf,179462,inf,inf,inf,inf,inf,70270,inf,inf,inf,inf,inf,239542,inf,inf,inf,190520,inf,inf,inf,inf,inf,inf,inf,inf,inf,inf,inf,inf,inf,inf,inf,inf,inf,157540.3281,inf,152628,inf,inf
habibthink,inf,inf,inf,inf,inf,inf,inf,inf,inf,inf,inf,inf,inf,inf,inf,inf,inf,inf,inf,inf,inf,inf,inf,inf,inf,inf,inf,inf,inf,inf,inf,inf,inf,inf,inf,inf,inf,inf,inf,inf,inf,inf,inf,inf,inf,inf,inf,inf,inf,inf,inf,inf,inf,inf,inf,inf,inf,0,inf,inf,inf,inf,inf,inf,inf,inf,inf,inf,inf,inf,inf,inf,inf,inf,inf,inf,inf,110370,inf,inf,inf,inf,inf,inf,inf,inf,inf,inf,inf,inf,inf,inf,inf,inf,inf,inf,inf,inf,inf,inf
BNPTRI,370783.1765,inf,inf,1776,398656.1765,40324.83276,371088.1765,43882.83276,372982.1765,inf,373041.1765,383399.1765,inf,56172.83276,inf,109916.8328,372009.1765,431662.6765,217545.9187,inf,inf,393082.1765,373071.1765,inf,262626.3328,98692.83276,372069.1765,203239.8328,414210.5593,372207.1765,12432.66675,inf,50733,55841.83276,372177.1765,inf,371135.1765,371087.1765,inf,52863.16675,22849.16675,426324.3328,inf,inf,372058.5098,inf,54087,inf,375347.51,57170.83276,60944.83276,402917.1765,44081,5638.666748,398131.1765,inf,51302.83276,188954.8594,0,78333.16675,46965.19922,128428.0261,371708.1765,371188.1765,379357.3191,262261.3328,inf,91067.83276,135577.5828,inf,375606.6765,inf,644305.4265,173783,48093.19922,inf,inf,142716.9375,38849,371341.1765,15539.16675,1975,384628.3191,inf,378225.8909,inf,383028.1765,371655.1765,inf,inf,164204.9167,51478.83276,1552,inf,372093.1765,208843.1609,inf,137126.3359,inf,372345.1765
ismailfahmi,inf,inf,inf,inf,inf,inf,inf,inf,inf,inf,inf,inf,inf,inf,inf,inf,inf,inf,inf,inf,inf,inf,inf,inf,inf,inf,inf,inf,inf,inf,inf,inf,inf,inf,inf,inf,inf,inf,inf,inf,inf,inf,inf,inf,inf,inf,inf,inf,inf,inf,inf,inf,inf,inf,inf,inf,inf,264754,inf,0,inf,128493,inf,inf,inf,inf,inf,19301,inf,inf,inf,inf,inf,188573,inf,inf,inf,233648.5,inf,inf,inf,inf,inf,inf,inf,inf,inf,inf,inf,inf,inf,inf,inf,inf,inf,inf,inf,101659,inf,inf
ChusnulCh__,inf,inf,inf,inf,inf,inf,inf,inf,inf,inf,inf,inf,inf,inf,inf,inf,inf,inf,inf,inf,inf,inf,inf,inf,inf,inf,inf,inf,inf,inf,inf,inf,inf,inf,inf,inf,inf,inf,inf,inf,inf,inf,inf,inf,inf,inf,inf,inf,inf,inf,inf,inf,inf,inf,inf,inf,inf,194134.8281,inf,46069.66797,0,174562.668,inf,inf,inf,inf,inf,65370.66797,inf,inf,inf,inf,inf,234642.668,1128,inf,inf,108975.5938,inf,inf,inf,inf,inf,inf,inf,inf,inf,inf,inf,inf,inf,inf,inf,inf,inf,inf,inf,147728.668,inf,inf
tirta_hudhi,inf,inf,inf,inf,inf,inf,inf,inf,inf,inf,inf,inf,inf,inf,inf,inf,inf,inf,inf,inf,inf,inf,inf,inf,inf,inf,inf,inf,inf,inf,inf,inf,inf,inf,inf,inf,inf,inf,inf,inf,inf,inf,inf,inf,inf,inf,inf,inf,inf,inf,inf,inf,inf,inf,inf,inf,inf,inf,inf,inf,inf,0,inf,inf,inf,inf,inf,inf,inf,inf,inf,inf,inf,inf,inf,inf,inf,inf,inf,inf,inf,inf,inf,inf,inf,inf,inf,inf,inf,inf,inf,inf,inf,inf,inf,inf,inf,inf,inf,inf
KakekHalal,421791.8438,inf,inf,427379.5105,449664.8438,91333.5,422096.8438,94891.5,423990.8438,inf,424049.8438,434407.8438,inf,107181.5,inf,160925.5,423017.8438,482671.3438,268554.5859,inf,inf,444090.8438,424079.8438,inf,313635,149701.5,423077.8438,254248.5,465219.2266,423215.8438,431900.8438,inf,465049.8438,106850.5,423185.8438,inf,422143.8438,422095.8438,inf,470998.5352,37139,477333,inf,inf,598.5,inf,468403.8438,inf,426356.1772,108179.5,111953.5,453925.8438,458397.8438,430503.5938,449139.8438,inf,102311.5,228125.3281,427317.8438,80060.16797,33990.5,203924.9531,0,422196.8438,430365.9863,313270,inf,99361.16797,186586.25,inf,426615.3438,inf,695314.0938,268633.168,35118.5,inf,inf,142966.0938,453165.8438,1670.5,438773.3994,7006.5,435636.9863,inf,9592.714355,inf,434036.8438,1984.5,inf,inf,215213.584,102487.5,428267.3438,inf,423101.8438,259851.8281,inf,181719.168,inf,3712
NgkongRoses,420806.1295,inf,inf,426393.7962,448679.1295,90347.78571,421111.1295,93905.78571,423005.1295,inf,423064.1295,433422.1295,inf,106195.7857,inf,159939.7857,422032.1295,481685.6295,267568.8716,inf,inf,443105.1295,423094.1295,inf,312649.2857,148715.7857,422092.1295,253262.7857,464233.5123,422230.1295,430915.1295,inf,464064.1295,105864.7857,422200.1295,inf,421158.1295,421110.1295,inf,470012.8209,36153.28571,476347.2857,inf,inf,870.333313,inf,467418.1295,inf,425370.463,107193.7857,110967.7857,452940.1295,457412.1295,429517.8795,448154.1295,inf,101325.7857,228397.1614,426332.1295,80332.00128,34262.33331,202992.607,520,0,429380.272,312284.2857,inf,99633.00128,185600.5357,inf,425629.6295,inf,694328.3795,268905.0013,35390.33331,inf,inf,143237.9271,452180.1295,738.1538696,437787.6851,6074.15387,434651.272,inf,7828.10144,inf,433051.1295,998.7857056,inf,inf,214227.8697,101501.7857,427281.6295,inf,422116.1295,258866.1138,inf,181991.0013,inf,1947.387085
detiksport,397810.8438,inf,inf,403398.5105,425683.8438,67352.5,398115.8438,70910.5,400009.8438,inf,400068.8438,410426.8438,inf,83200.5,inf,136944.5,399036.8438,458690.3438,244573.5859,inf,inf,420109.8438,400098.8438,inf,289654,125720.5,399096.8438,230267.5,441238.2266,399234.8438,407919.8438,inf,441068.8438,82869.5,399204.8438,inf,398162.8438,398114.8438,inf,447017.5352,13158,453352,inf,inf,399086.1771,inf,444422.8438,inf,402375.1772,84198.5,87972.5,429944.8438,434416.8438,406522.5938,425158.8438,inf,78330.5,226901.8281,403336.8438,95327.16797,49257.5,201609.25,398735.8438,398215.8438,0,289289,inf,114628.168,162605.25,inf,402634.3438,inf,671333.0938,261688.5859,50385.5,inf,inf,158233.0938,429184.8438,398368.8438,414792.3994,403597.5105,5271,inf,405253.5581,inf,410055.8438,398682.8438,inf,inf,191232.584,78506.5,404286.3438,inf,399120.8438,235870.8281,inf,196986.168,inf,399372.8438
MuhyiddinYassin,inf,inf,inf,inf,inf,inf,inf,inf,inf,inf,inf,inf,inf,inf,inf,inf,inf,inf,inf,inf,inf,inf,inf,inf,365,inf,inf,inf,inf,inf,inf,inf,inf,inf,inf,inf,inf,inf,inf,inf,inf,164063,inf,inf,inf,inf,inf,inf,inf,inf,inf,inf,inf,inf,inf,inf,inf,inf,inf,inf,inf,inf,inf,inf,inf,0,inf,inf,inf,inf,inf,inf,inf,inf,inf,inf,inf,inf,inf,inf,inf,inf,inf,inf,inf,inf,inf,inf,inf,inf,inf,inf,inf,inf,inf,inf,inf,inf,inf,inf
PDI_Perjuangan,309950.4141,inf,inf,7536.416748,337823.4141,43715.97168,310255.4141,47273.97168,4147.75,752.5,3095.5,322566.4141,inf,52631.19141,inf,113307.9717,3174.75,68002.5,209876.0859,1506.5,inf,332249.4141,3125.5,inf,242209.7031,84518.33594,3234.75,182823.2031,46743.88281,3372.75,13768.03613,inf,46102.5,59232.97168,2231.5,inf,3196.5,3620.5,124.5,51155.44141,20239.77344,405907.7031,inf,inf,1640.833313,inf,49456.5,653.75,314514.7476,60561.97168,54612,39257,39450.5,10660.5,337298.4141,388.5,46085.60156,194656.9297,7474.75,64855.72656,35032.83331,126720.3008,1290.5,770.5,318524.5566,241844.7031,0,84156.72656,127907.75,inf,6772.25,inf,275471,137692.0313,36160.83331,inf,inf,144008.4271,34218.5,1508.65387,18930.30566,4249.049805,323795.5566,2046.5,8598.60144,569,9094.5,1769.285706,inf,inf,156179.7813,54869.97168,8424.25,inf,3258.75,203625.9297,152.5,132495.8359,inf,2717.887085
eko_kuntadhi,inf,inf,inf,inf,inf,inf,inf,inf,inf,inf,inf,inf,inf,inf,inf,inf,inf,inf,inf,inf,inf,inf,inf,inf,inf,inf,inf,inf,inf,inf,inf,inf,inf,inf,inf,inf,inf,inf,inf,inf,inf,inf,inf,inf,inf,inf,inf,inf,inf,inf,inf,inf,inf,inf,inf,inf,inf,245453,inf,inf,inf,inf,inf,inf,inf,inf,inf,0,inf,inf,inf,inf,inf,inf,inf,inf,inf,355823,inf,inf,inf,inf,inf,inf,inf,inf,inf,inf,inf,inf,inf,inf,inf,inf,inf,inf,inf,inf,inf,inf
KemenBUMN,362133.334,inf,inf,367721.0007,390006.334,403900.5557,362438.334,407458.5557,364332.334,inf,364391.334,374749.334,inf,411448.0254,inf,473492.5557,363359.334,423012.834,81968.33594,inf,inf,384432.334,364421.334,inf,560906.0059,443335.1699,363419.334,531681.0527,405560.7168,363557.334,372242.334,inf,405391.334,419417.5557,363527.334,inf,362485.334,362437.334,inf,411340.0254,381291.4336,603430.0996,inf,inf,363408.6673,inf,408745.334,inf,366697.6675,420746.5557,413900.834,394267.334,398739.334,370845.084,389481.334,inf,414712.584,554899.8601,367659.334,438142.834,396800.6673,486904.8848,363058.334,362538.334,370707.4766,590702.5527,inf,446343.0254,0,inf,366956.834,inf,635655.584,99083.33594,397928.6673,inf,inf,243831.3359,393507.334,362691.334,379114.8896,367920.0007,375978.4766,inf,369576.0483,inf,374378.334,363005.334,inf,inf,28627.33398,415054.5557,368608.834,inf,363443.334,184233.3359,inf,491784.6699,inf,363695.334
seruanhl,315485.2227,inf,inf,8362.666748,343358.2227,44542.22168,315790.2227,48100.22168,4974,683,317743.2227,328101.2227,inf,60390.22168,inf,114134.2217,4001,67933,210702.3359,inf,inf,337784.2227,317773.2227,inf,242140.2031,92290.5,4061,182753.7031,52278.69141,4199,14594.28613,inf,46033,60059.22168,316879.2227,inf,3127,315789.2227,inf,51981.69141,24722.42773,405838.2031,inf,inf,1571.333313,inf,49387,462.3333435,320049.5562,61388.22168,54542.5,39187.5,39381,11486.75,342833.2227,319,55354.25,195541.5261,8301,80494.78613,34963.33331,127546.5508,1221,701,324059.3652,241775.2031,inf,95285.22168,128734,0,7598.5,inf,276297.25,138518.2813,36091.33331,inf,inf,143938.9271,34149,1439.15387,19756.55566,4179.549805,329330.3652,inf,8529.10144,421,327730.2227,1699.785706,inf,inf,157006.0313,55696.22168,9250.5,inf,4085,212894.5781,83,132426.3359,inf,2648.387085
kompasiana,371285.1765,inf,inf,2278,399158.1765,40826.83276,371590.1765,44384.83276,373484.1765,inf,373543.1765,383901.1765,inf,56674.83276,inf,110418.8328,372511.1765,432164.6765,218047.9187,inf,inf,393584.1765,373573.1765,inf,263128.3328,99194.83276,372571.1765,203741.8328,414712.5593,372709.1765,12934.66675,inf,414543.1765,56343.83276,372679.1765,inf,371637.1765,371589.1765,inf,53365.16675,23351.16675,426826.3328,inf,inf,372560.5098,inf,417897.1765,inf,375849.51,57672.83276,61446.83276,403419.1765,68541.16675,6140.666748,398633.1765,inf,51804.83276,189456.8594,376811.1765,78835.16675,47467.19922,128930.0261,372210.1765,371690.1765,379859.3191,262763.3328,inf,91569.83276,136079.5828,inf,0,inf,644807.4265,181338.3386,48595.19922,inf,inf,143218.9375,402659.1765,371843.1765,16041.16675,2477,385130.3191,inf,378727.8909,inf,383530.1765,372157.1765,inf,inf,164706.9167,51980.83276,377760.6765,inf,372595.1765,209345.1609,inf,142591.7683,inf,372847.1765
Andrazahira,421162.8438,inf,inf,426750.5105,449035.8438,90704.5,421467.8438,94262.5,423361.8438,inf,423420.8438,433778.8438,inf,106552.5,inf,160296.5,422388.8438,482042.3438,267925.5859,inf,inf,443461.8438,423450.8438,inf,313006,149072.5,422448.8438,253619.5,464590.2266,422586.8438,431271.8438,inf,464420.8438,106221.5,422556.8438,inf,421514.8438,421466.8438,inf,470369.5352,36510,476704,inf,inf,680,inf,467774.8438,inf,425727.1772,107550.5,111324.5,453296.8438,457768.8438,429874.5938,448510.8438,inf,101682.5,228206.8281,426688.8438,80141.66797,34072,203295.9531,422087.8438,421567.8438,429736.9863,312641,inf,99442.66797,185957.25,inf,425986.3438,0,694685.0938,268714.668,35200,inf,inf,143047.5938,452536.8438,1041.5,438144.3994,6377.5,435007.9863,inf,8963.714355,inf,433407.8438,1355.5,inf,inf,214584.584,101858.5,427638.3438,inf,422472.8438,259222.8281,inf,181800.668,inf,3083
asumsico,inf,inf,inf,inf,inf,inf,inf,inf,inf,inf,inf,inf,inf,inf,inf,inf,inf,inf,inf,inf,inf,inf,inf,inf,inf,inf,inf,inf,inf,inf,inf,inf,inf,inf,inf,inf,inf,inf,inf,inf,inf,inf,inf,inf,inf,inf,inf,inf,inf,inf,inf,inf,inf,inf,inf,inf,inf,inf,inf,inf,inf,inf,inf,inf,inf,inf,inf,inf,inf,inf,inf,inf,0,inf,inf,inf,inf,inf,inf,inf,inf,inf,inf,inf,inf,inf,inf,inf,inf,inf,inf,inf,inf,inf,inf,inf,inf,inf,inf,inf
msaid_didu,inf,inf,inf,inf,inf,inf,inf,inf,inf,inf,inf,inf,inf,inf,inf,inf,inf,inf,inf,inf,inf,inf,inf,inf,inf,inf,inf,inf,inf,inf,inf,inf,inf,inf,inf,inf,inf,inf,inf,inf,inf,inf,inf,inf,inf,inf,inf,inf,inf,inf,inf,inf,inf,inf,inf,inf,inf,inf,inf,inf,inf,inf,inf,inf,inf,inf,inf,inf,inf,inf,inf,inf,inf,0,inf,inf,inf,inf,inf,inf,inf,inf,inf,inf,inf,inf,inf,inf,inf,inf,inf,inf,inf,inf,inf,inf,inf,inf,inf,inf
Parapat_Nixon,inf,inf,inf,inf,inf,inf,inf,inf,inf,inf,inf,inf,inf,inf,inf,inf,inf,inf,inf,inf,inf,inf,inf,inf,inf,inf,inf,inf,inf,inf,inf,inf,inf,inf,inf,inf,inf,inf,inf,inf,inf,inf,inf,inf,inf,inf,inf,inf,inf,inf,inf,inf,inf,inf,inf,inf,inf,inf,inf,inf,inf,inf,inf,inf,inf,inf,inf,inf,inf,inf,inf,inf,inf,inf,0,inf,inf,inf,inf,inf,inf,inf,inf,inf,inf,inf,inf,inf,inf,inf,inf,inf,inf,inf,inf,inf,inf,inf,inf,inf
GOAL_ID,inf,inf,inf,inf,inf,inf,inf,inf,inf,inf,inf,inf,inf,inf,inf,inf,inf,inf,inf,inf,inf,inf,inf,inf,inf,inf,inf,inf,inf,inf,inf,inf,inf,inf,inf,inf,inf,inf,inf,inf,inf,inf,inf,inf,inf,inf,inf,inf,inf,inf,inf,inf,inf,inf,inf,inf,inf,inf,inf,inf,inf,182935,inf,inf,inf,inf,inf,inf,inf,inf,inf,inf,inf,inf,inf,0,inf,inf,inf,inf,inf,inf,inf,inf,inf,inf,inf,inf,inf,inf,inf,inf,inf,inf,inf,inf,inf,inf,inf,inf
DPR_RI,370404.1765,inf,inf,1397,398277.1765,39945.83276,370709.1765,43503.83276,372603.1765,inf,372662.1765,383020.1765,inf,55793.83276,inf,109537.8328,371630.1765,431283.6765,217166.9187,inf,inf,392703.1765,372692.1765,inf,262247.3328,85426,371690.1765,202860.8328,413831.5593,371828.1765,12053.66675,inf,80302,55462.83276,371798.1765,inf,370756.1765,370708.1765,inf,52484.16675,22470.16675,425945.3328,inf,inf,371679.5098,inf,83656,inf,374968.51,56791.83276,60565.83276,402538.1765,67660.16675,5259.666748,397752.1765,inf,50923.83276,188575.8594,375930.1765,77954.16675,46586.19922,128049.0261,371329.1765,370809.1765,378978.3191,261882.3328,inf,90688.83276,135198.5828,inf,375227.6765,inf,643926.4265,173404,47714.19922,inf,0,142337.9375,68418,370962.1765,15160.16675,1596,384249.3191,inf,377846.8909,inf,382649.1765,371276.1765,inf,inf,163825.9167,51099.83276,1173,inf,371714.1765,208464.1609,inf,141710.7683,inf,371966.1765
sahaL_AS,inf,inf,inf,inf,inf,inf,inf,inf,inf,inf,inf,inf,inf,inf,inf,inf,inf,inf,inf,inf,inf,inf,inf,inf,inf,inf,inf,inf,inf,inf,inf,inf,inf,inf,inf,inf,inf,inf,inf,inf,inf,inf,inf,inf,inf,inf,inf,inf,inf,inf,inf,inf,inf,inf,inf,inf,inf,inf,inf,inf,inf,inf,inf,inf,inf,inf,inf,inf,inf,inf,inf,inf,inf,inf,inf,inf,inf,0,inf,inf,inf,inf,inf,inf,inf,inf,inf,inf,inf,inf,inf,inf,inf,inf,inf,inf,inf,inf,inf,inf
PerekonomianRI,341568.8438,inf,inf,347156.5105,369441.8438,15832,341873.8438,19390,343767.8438,inf,343826.8438,354184.8438,inf,31680,inf,85424,342794.8438,402448.3438,193053.0859,inf,inf,363867.8438,343856.8438,inf,238133.5,69478.5,342854.8438,178747,384996.2266,342992.8438,351677.8438,inf,11884,31349,342962.8438,inf,341920.8438,341872.8438,inf,390775.5352,360726.9434,401831.5,inf,inf,342844.1771,inf,15238,inf,346133.1772,27956.5,36452,373702.8438,5232,350280.5938,368916.8438,inf,26810,175381.3281,347094.8438,73057.5,376236.1771,125111.3359,342493.8438,341973.8438,350142.9863,237768.5,inf,66575,111084.75,inf,346392.3438,inf,615091.0938,185191.3281,377364.1771,inf,inf,212608.5,0,342126.8438,358550.3994,347355.5105,355413.9863,inf,349011.5581,inf,353813.8438,342440.8438,inf,inf,139712.084,26986,348044.3438,inf,342878.8438,184350.3281,inf,98277.33594,inf,343130.8438
P3nj3l4j4h_id,420121.3438,inf,inf,425709.0105,447994.3438,89663,420426.3438,93221,422320.3438,inf,422379.3438,432737.3438,inf,105511,inf,159255,421347.3438,481000.8438,266884.0859,inf,inf,442420.3438,422409.3438,inf,311964.5,148031,421407.3438,252578,463548.7266,421545.3438,430230.3438,inf,463379.3438,105180,421515.3438,inf,420473.3438,420425.3438,inf,469328.0352,35468.5,475662.5,inf,inf,421396.6771,inf,466733.3438,inf,424685.6772,106509,110283,452255.3438,456727.3438,428833.0938,447469.3438,inf,100641,244461.0273,425647.3438,96395.86719,50326.19922,202254.4531,421046.3438,420526.3438,428695.4863,311599.5,inf,115696.8672,184915.75,inf,424944.8438,inf,693643.5938,283999.0859,46341.5,inf,inf,158738.375,451495.3438,0,437102.8994,5336,433966.4863,inf,7922.214355,inf,432366.3438,314,inf,inf,213543.084,100817,426596.8438,inf,421431.3438,258181.3281,inf,198054.8672,inf,2041.5
ainunnajib,355244.0098,inf,inf,360831.6765,383117.0098,24785.66602,355549.0098,28343.66602,357443.0098,inf,357502.0098,367860.0098,inf,40633.66602,inf,94377.66602,356470.0098,416123.5098,202006.752,inf,inf,377543.0098,357532.0098,inf,247087.166,83153.66602,356530.0098,187700.666,398671.3926,356668.0098,365353.0098,inf,398502.0098,40302.66602,356638.0098,inf,355596.0098,355548.0098,inf,37324,7310,410785.166,inf,inf,356519.3431,inf,401856.0098,inf,359808.3433,41631.66602,45405.66602,387378.0098,52500,363955.7598,382592.0098,inf,35763.66602,184334.9941,360770.0098,86732.66406,43409.5,112888.8594,356169.0098,355649.0098,363818.1523,246722.166,inf,75528.66602,120038.416,inf,360067.5098,inf,628766.2598,178287.3281,44537.5,inf,inf,152385.0938,386618.0098,355802.0098,0,361030.6765,369089.1523,inf,362686.7241,inf,367489.0098,356116.0098,inf,inf,148665.75,35939.66602,361719.5098,inf,356554.0098,193303.9941,inf,126550.6016,inf,356806.0098
narkosun,inf,inf,inf,inf,inf,inf,inf,inf,inf,inf,inf,inf,inf,inf,inf,inf,inf,inf,inf,inf,inf,inf,inf,inf,inf,inf,inf,inf,inf,inf,inf,inf,inf,inf,inf,inf,inf,inf,inf,inf,inf,inf,inf,inf,inf,inf,inf,inf,inf,inf,inf,inf,inf,inf,inf,inf,inf,239125.0273,inf,91059.86719,44990.19922,219552.8672,inf,inf,inf,inf,inf,110360.8672,inf,inf,inf,inf,inf,279632.8672,46118.19922,inf,inf,153402.375,inf,inf,inf,0,inf,inf,inf,inf,inf,inf,inf,inf,inf,inf,inf,inf,inf,inf,inf,192718.8672,inf,inf
BadmintonTalk,392539.8438,inf,inf,398127.5105,420412.8438,62081.5,392844.8438,65639.5,394738.8438,inf,394797.8438,405155.8438,inf,77929.5,inf,131673.5,393765.8438,453419.3438,239302.5859,inf,inf,414838.8438,394827.8438,inf,284383,120449.5,393825.8438,224996.5,435967.2266,393963.8438,402648.8438,inf,435797.8438,77598.5,393933.8438,inf,392891.8438,392843.8438,inf,441746.5352,7887,448081,inf,inf,393815.1771,inf,439151.8438,inf,397104.1772,78927.5,82701.5,424673.8438,429145.8438,401251.5938,419887.8438,inf,73059.5,221630.8281,398065.8438,90056.16797,43986.5,196338.25,393464.8438,392944.8438,401113.9863,284018,inf,109357.168,157334.25,inf,397363.3438,inf,666062.0938,256417.5859,45114.5,inf,inf,152962.0938,423913.8438,393097.8438,409521.3994,398326.5105,0,inf,399982.5581,inf,404784.8438,393411.8438,inf,inf,185961.584,73235.5,399015.3438,inf,393849.8438,230599.8281,inf,191715.168,inf,394101.8438
merdekadotcom,375980.4265,inf,inf,6973.25,403853.4265,45522.08276,376285.4265,49080.08276,378179.4265,inf,378238.4265,388596.4265,inf,61370.08276,inf,115114.0828,377206.4265,436859.9265,222743.1687,inf,inf,398279.4265,378268.4265,inf,267823.5828,98460,377266.4265,208437.0828,419407.8093,377404.4265,17629.91675,inf,55404.78516,61039.08276,377374.4265,inf,376332.4265,376284.4265,inf,58060.41675,25850.125,431521.5828,inf,inf,531,inf,58758.78516,inf,380544.76,62368.08276,64167.73828,408114.4265,48752.78516,10835.91675,403328.4265,inf,56500.08276,194152.1094,381506.4265,79992.66797,33923,133625.2761,376905.4265,376385.4265,384554.5691,267458.5828,inf,96265.08276,140774.8328,inf,380803.9265,inf,649502.6765,186033.5886,35051,inf,inf,142898.5938,43520.78516,1603,20736.41675,6939,389825.5691,0,8610.714355,inf,388225.4265,1917,inf,inf,169402.1667,56676.08276,382455.9265,inf,377290.4265,214040.4109,inf,141798.1211,inf,2730
BANGSAygSUJUD,inf,inf,inf,inf,inf,inf,inf,inf,inf,inf,inf,inf,inf,inf,inf,inf,inf,inf,inf,inf,inf,inf,inf,inf,inf,inf,inf,inf,inf,inf,inf,inf,inf,inf,inf,inf,inf,inf,inf,inf,inf,inf,inf,inf,inf,inf,inf,inf,inf,inf,inf,inf,inf,inf,inf,inf,inf,247975.3281,inf,99910.16797,53840.5,228403.168,inf,inf,inf,inf,inf,119211.168,inf,inf,inf,inf,inf,288483.168,54968.5,inf,inf,162816.0938,inf,inf,inf,inf,inf,inf,0,inf,inf,inf,inf,inf,inf,inf,inf,inf,inf,inf,inf,201569.168,inf,inf
BiLLRaY2019,315264.056,inf,inf,8141.500076,343137.056,44321.05501,315569.056,47879.05501,4752.833328,461.8333282,317522.056,327880.056,inf,60169.05501,inf,113913.055,3779.833328,67711.83333,210481.1693,inf,inf,337563.056,317552.056,inf,241919.0365,92069.33333,3839.833328,182532.5365,52057.52473,3977.833328,14373.11946,inf,45811.83333,59838.05501,316658.056,inf,2905.833328,315568.056,inf,51760.52473,24501.26106,405617.0365,inf,inf,1350.166641,inf,49165.83333,209.5,319828.3895,61167.05501,54321.33333,38966.33333,39159.83333,11265.58333,342612.056,inf,55133.08333,195320.3595,8079.833328,80273.61946,34742.16664,127325.3841,999.8333282,479.8333282,323838.1986,241554.0365,inf,95064.05501,128512.8333,inf,7377.333328,inf,276076.0833,138297.1146,35870.16664,inf,inf,143717.7604,33927.83333,1217.987198,19535.38899,6553.987198,329109.1986,inf,8307.934769,0,327509.056,1478.619034,inf,inf,156784.8646,55475.05501,9029.333328,inf,3863.833328,212673.4115,inf,132205.1693,inf,2427.220413
SCTV,408518.8438,inf,inf,414106.5105,436391.8438,78060.5,408823.8438,81618.5,410717.8438,inf,410776.8438,421134.8438,inf,93908.5,inf,147652.5,409744.8438,469398.3438,255281.5859,inf,inf,430817.8438,410806.8438,inf,300362,136428.5,409804.8438,240975.5,451946.2266,409942.8438,418627.8438,inf,451776.8438,93577.5,409912.8438,inf,408870.8438,408822.8438,inf,457725.5352,23866,464060,inf,inf,409794.1771,inf,455130.8438,inf,413083.1772,94906.5,98680.5,440652.8438,445124.8438,417230.5938,435866.8438,inf,89038.5,237609.8281,414044.8438,106035.168,59965.5,212317.25,409443.8438,408923.8438,417092.9863,299997,inf,125336.168,173313.25,inf,413342.3438,inf,682041.0938,272396.5859,61093.5,inf,inf,168941.0938,439892.8438,409076.8438,425500.3994,414305.5105,422363.9863,inf,415961.5581,inf,0,409390.8438,inf,inf,201940.584,89214.5,414994.3438,inf,409828.8438,246578.8281,inf,207694.168,inf,410080.8438
dewi_darmawati,419807.3438,inf,inf,425395.0105,447680.3438,89349,420112.3438,92907,422006.3438,inf,422065.3438,432423.3438,inf,105197,inf,158941,421033.3438,480686.8438,266570.0859,inf,inf,442106.3438,422095.3438,inf,311650.5,147717,421093.3438,252264,463234.7266,421231.3438,429916.3438,inf,463065.3438,104866,421201.3438,inf,420159.3438,420111.3438,inf,469014.0352,35154.5,475348.5,inf,inf,421082.6771,inf,466419.3438,inf,424371.6772,106195,109969,451941.3438,456413.3438,428519.0938,447155.3438,inf,100327,248898.3281,425333.3438,106157.5664,60087.89844,223605.75,420732.3438,420212.3438,428381.4863,311285.5,inf,125458.5664,184601.75,inf,424630.8438,inf,693329.5938,283685.0859,46027.5,inf,inf,169063.4922,451181.3438,420365.3438,436788.8994,425594.0105,433652.4863,inf,7684.214355,inf,432052.3438,0,inf,inf,213229.084,100503,426282.8438,inf,421117.3438,257867.3281,inf,207816.5664,inf,1803.5
okezonenews,315419.2227,inf,inf,8296.666748,343292.2227,44476.22168,315724.2227,48034.22168,4908,617,317677.2227,328035.2227,inf,60324.22168,inf,114068.2217,3935,67867,210636.3359,inf,inf,337718.2227,317707.2227,inf,242074.2031,85387.25,3995,182687.7031,52212.69141,4133,14528.28613,inf,45967,59993.22168,316813.2227,inf,3061,315723.2227,inf,51915.69141,17798.25,405772.2031,inf,inf,1505.333313,inf,49321,518.25,319983.5562,61322.22168,54476.5,39121.5,39315,11420.75,342767.2227,253,55288.25,195475.5261,8235,80428.78613,34897.33331,127480.5508,1155,635,323993.3652,241709.2031,inf,95219.22168,128668,inf,7532.5,inf,276231.25,138452.2813,36025.33331,inf,inf,143872.9271,34083,1373.15387,19690.55566,6709.15387,329264.3652,inf,8463.10144,433.5,327664.2227,1633.785706,0,inf,156940.0313,55630.22168,9184.5,inf,4019,212828.5781,inf,132360.3359,inf,2582.387085
Ch_Chotlmah,inf,inf,inf,inf,inf,inf,inf,inf,inf,inf,inf,inf,inf,inf,inf,inf,inf,inf,inf,inf,inf,inf,inf,inf,inf,inf,inf,inf,inf,inf,inf,inf,inf,inf,inf,inf,inf,inf,inf,inf,inf,inf,inf,inf,inf,inf,inf,inf,inf,inf,inf,inf,inf,inf,inf,inf,inf,253092.3281,inf,105027.168,58957.5,233520.168,inf,inf,inf,inf,inf,124328.168,inf,inf,inf,inf,inf,293600.168,60085.5,inf,inf,167933.0938,inf,inf,inf,inf,inf,inf,5117,inf,inf,inf,inf,0,inf,inf,inf,inf,inf,inf,inf,206686.168,inf,inf
kempanrb,333506,inf,inf,339093.6667,361379,375273.2217,333811,378831.2217,335705,inf,335764,346122,inf,382820.6914,inf,444865.2217,334732,394385.5,541433.3359,inf,inf,355805,335794,inf,532278.6719,414707.8359,334792,503053.7188,376933.3828,334930,343615,inf,376764,390790.2217,334900,inf,333858,333810,inf,382712.6914,352664.0996,574802.7656,inf,inf,334781.3333,inf,380118,inf,338070.3335,392119.2217,385273.5,365640,370112,342217.75,360854,inf,386085.25,526272.5261,339032,409515.5,368173.3333,458277.5508,334431,333911,342080.1426,562075.2188,inf,417715.6914,459465,inf,338329.5,inf,607028.25,469249.2813,369301.3333,inf,inf,477148.9271,364880,334064,350487.5557,339292.6667,347351.1426,inf,340948.7144,inf,345751,334378,inf,inf,0,386427.2217,339981.5,inf,334816,543625.5781,inf,463157.3359,inf,335068
_TNIAL_,492393.834,inf,inf,497981.5007,520266.834,534161.0557,492698.834,537719.0557,494592.834,inf,494651.834,505009.834,inf,541708.5254,inf,58438,493619.834,553273.334,212228.8359,inf,inf,514692.834,494681.834,inf,691166.5059,47214,493679.834,661941.5527,535821.2168,493817.834,502502.834,inf,535651.834,549678.0557,493787.834,inf,492745.834,492697.834,inf,541600.5254,511551.9336,733690.5996,inf,inf,493669.1673,inf,539005.834,inf,496958.1675,551007.0557,544161.334,524527.834,528999.834,501105.584,519741.834,inf,544973.084,315547,497919.834,50793,527061.1673,179286,493318.834,492798.834,500967.9766,720963.0527,inf,70094,130260.5,inf,497217.334,inf,765916.084,229343.8359,528189.1673,inf,inf,190344,523767.834,492951.834,509375.3896,498180.5007,506238.9766,inf,499836.5483,inf,504638.834,493265.834,inf,inf,158887.834,0,498869.334,inf,493703.834,314493.8359,inf,152452,inf,493955.834
rmol_id,411939.8438,inf,inf,417527.5105,439812.8438,81481.5,412244.8438,85039.5,414138.8438,inf,414197.8438,424555.8438,inf,97329.5,inf,151073.5,413165.8438,472819.3438,258702.5859,inf,inf,434238.8438,414227.8438,inf,303783,139849.5,413225.8438,244396.5,455367.2266,413363.8438,422048.8438,inf,455197.8438,96998.5,413333.8438,inf,412291.8438,412243.8438,inf,461146.5352,27287,467481,inf,inf,413215.1771,inf,458551.8438,inf,416504.1772,98327.5,102101.5,444073.8438,72477,420651.5938,439287.8438,inf,92459.5,241030.8281,417465.8438,109456.168,63386.5,192356.3359,412864.8438,412344.8438,420513.9863,303418,inf,128757.168,176734.25,inf,416763.3438,inf,685462.0938,172231,64514.5,inf,inf,172362.0938,443313.8438,412497.8438,428921.3994,417726.5105,425784.9863,inf,419382.5581,inf,424184.8438,412811.8438,inf,inf,205361.584,92635.5,0,inf,413249.8438,249999.8281,inf,165522.3359,inf,413501.8438
Jinggaviolet3,inf,inf,inf,inf,inf,inf,inf,inf,inf,inf,inf,inf,inf,inf,inf,inf,inf,inf,inf,inf,inf,inf,inf,inf,inf,inf,inf,inf,inf,inf,inf,inf,inf,inf,inf,inf,inf,inf,inf,inf,inf,inf,inf,inf,inf,inf,inf,inf,inf,inf,inf,inf,inf,inf,inf,inf,inf,260782.3281,inf,112717.168,66647.5,241210.168,inf,inf,inf,inf,inf,132018.168,inf,inf,inf,inf,inf,301290.168,67775.5,inf,inf,175623.0938,inf,inf,inf,inf,inf,inf,12807,inf,inf,inf,inf,inf,inf,inf,inf,0,inf,inf,inf,214376.168,inf,inf
jawapos,378584.6765,inf,inf,9577.5,406457.6765,48126.33276,378889.6765,51684.33276,380783.6765,inf,380842.6765,391200.6765,inf,63974.33276,inf,117718.3328,379810.6765,439464.1765,225347.4187,inf,inf,400883.6765,380872.6765,inf,270427.8328,106494.3328,379870.6765,211041.3328,422012.0593,380008.6765,20234.16675,inf,55797.80078,63643.33276,379978.6765,inf,378936.6765,378888.6765,inf,60664.66675,20637.42773,434125.8328,inf,inf,1165.333313,inf,59151.80078,inf,383149.01,64972.33276,68746.33276,410718.6765,49145.80078,13440.16675,405932.6765,inf,59104.33276,196756.3594,384110.6765,80627.00128,34557.33331,136229.5261,815,295,387158.8191,270062.8328,inf,98869.33276,143379.0828,inf,383408.1765,inf,652106.9265,188637.8386,35685.33331,inf,inf,143532.9271,43913.80078,1033.15387,23340.66675,6369.15387,392429.8191,inf,8123.10144,inf,390829.6765,1293.785706,inf,inf,172006.4167,59280.33276,385060.1765,inf,0,216644.6609,inf,142191.1367,inf,2242.387085
mojokdotco,inf,inf,inf,inf,inf,inf,inf,inf,inf,inf,inf,inf,inf,inf,inf,inf,inf,inf,inf,inf,inf,inf,inf,inf,inf,inf,inf,inf,inf,inf,inf,inf,inf,inf,inf,inf,inf,inf,inf,inf,inf,inf,inf,inf,inf,inf,inf,inf,inf,inf,inf,inf,inf,inf,inf,inf,inf,inf,inf,inf,inf,inf,inf,inf,inf,inf,inf,inf,inf,inf,inf,inf,inf,inf,inf,inf,inf,59598,inf,inf,inf,inf,inf,inf,inf,inf,inf,inf,inf,inf,inf,inf,inf,inf,inf,0,inf,inf,inf,inf
arjuno_ireng01,315402.2227,inf,inf,8279.666748,343275.2227,44459.22168,315707.2227,48017.22168,4891,600,317660.2227,328018.2227,inf,60307.22168,inf,114051.2217,3918,67850,210619.3359,inf,inf,337701.2227,317690.2227,inf,242057.2031,92207.5,3978,182670.7031,52195.69141,4116,14511.28613,inf,45950,59976.22168,316796.2227,inf,3044,315706.2227,inf,51898.69141,24639.42773,405755.2031,inf,inf,1488.333313,inf,49304,501.25,319966.5562,61305.22168,54459.5,39104.5,39298,11403.75,342750.2227,236,55271.25,195458.5261,8218,80411.78613,34880.33331,127463.5508,1138,618,323976.3652,241692.2031,inf,95202.22168,128651,inf,7515.5,inf,276214.25,138435.2813,36008.33331,inf,inf,143855.9271,34066,1356.15387,19673.55566,4096.549805,329247.3652,inf,8446.10144,416.5,327647.2227,1616.785706,inf,inf,156923.0313,55613.22168,9167.5,inf,4002,212811.5781,0,132343.3359,inf,2565.387085
mazzini_gsp,inf,inf,inf,inf,inf,inf,inf,inf,inf,inf,inf,inf,inf,inf,inf,inf,inf,inf,inf,inf,inf,inf,inf,inf,inf,inf,inf,inf,inf,inf,inf,inf,inf,inf,inf,inf,inf,inf,inf,inf,inf,inf,inf,inf,inf,inf,inf,inf,inf,inf,inf,inf,inf,inf,inf,inf,inf,inf,inf,inf,inf,26834,inf,inf,inf,inf,inf,inf,inf,inf,inf,inf,inf,inf,inf,inf,inf,inf,inf,inf,inf,inf,inf,inf,inf,inf,inf,inf,inf,inf,inf,inf,inf,inf,inf,inf,inf,0,inf,inf
bank_indonesia,329430.8438,inf,inf,335018.5105,357303.8438,3694,329735.8438,7252,331629.8438,inf,331688.8438,342046.8438,inf,19542,inf,73286,330656.8438,390310.3438,180915.0859,inf,inf,351729.8438,331718.8438,inf,225995.5,57340.5,330716.8438,166609,372858.2266,330854.8438,339539.8438,inf,372688.8438,19211,330824.8438,inf,329782.8438,329734.8438,inf,378637.5352,348588.9434,389693.5,inf,inf,330706.1771,inf,3100,inf,333995.1772,15818.5,24314,361564.8438,366036.8438,338142.5938,356778.8438,inf,14672,163243.3281,334956.8438,60919.5,364098.1771,137950.75,330355.8438,329835.8438,338004.9863,225630.5,inf,54437,98946.75,inf,334254.3438,inf,602953.0938,198030.0859,365226.1771,inf,inf,200470.5,360804.8438,329988.8438,346412.3994,335217.5105,343275.9863,inf,336873.5581,inf,341675.8438,330302.8438,inf,inf,127574.084,14848,335906.3438,inf,330740.8438,172212.3281,inf,162578.5,0,330992.8438
n1ckeff,inf,inf,inf,inf,inf,inf,inf,inf,inf,inf,inf,inf,inf,inf,inf,inf,inf,inf,inf,inf,inf,inf,inf,inf,inf,inf,inf,inf,inf,inf,inf,inf,inf,inf,inf,inf,inf,inf,inf,inf,inf,inf,inf,inf,inf,inf,inf,inf,inf,inf,inf,inf,inf,inf,inf,inf,inf,252419.2266,inf,104354.0664,58284.39844,232847.0664,inf,inf,inf,inf,inf,123655.0664,inf,inf,inf,inf,inf,292927.0664,59412.39844,inf,inf,167259.9922,inf,inf,inf,inf,inf,inf,5880.714355,inf,inf,inf,inf,inf,inf,inf,inf,inf,inf,inf,inf,206013.0664,inf,0
